Timestamp,How much do you like to solve complex mathematical problems?,How much do you like being the center of attention?  ,How much do you try to follow the rules?,Do you fear for the worst?,Do you get irritated easily?  ,Are you afraid of doing the wrong thing?,Are you able to warm up others quickly? ,"Do you like lots of fun?	",Are you able to talk while doing some work? ,Do you like to get lost in thoughts?,What would you do if you saw some slovenly cards? ,What will you think first after watching an ant's queue?,What will be your inner thought if you see a little boy crying after an accident?,What time of the day is your favorite to solve complex problems,Do you want to have a pet?,What would you do if you see some boys making noise? ,What was your favorite subject at Primary school?,What is/was the teaching area of your favorite teacher?,What is your favorite study area?,What types of class environment do you like most? ,What is the most important supporting factor for a good story book without a storyline?,What is most important for going School? ,Which one of the following is most important for a human?,What did you like to do before going to school?,What do you like to do during a break time?,Do you like yourself?,Do you try to lead others?,Do you feel others' emotions?,Do you love to read challenging materials?,Do you believe that there is no absolute right or wrong?,Do you dislike talking about yourself?,Do you prefer to isolate yourself from outside noises?,Do you think that almost everything can be analyzed?,Do you  feel at ease in a crowd?,Do you feel comfortable to communicate in social situations?,Are you always looking for opportunities?,Are you easily affected by strong emotions?,Do you find it difficult to talk about your feelings?,Do you easily understand new theoretical principles?,Do you manage to stay calm under a lot of pressure?,Do you always know exactly what you want?,Does your mood change rapidly?,Do you feel insecure?,Do you like any order or sequence?,Do you enjoy daydreaming?,Your Profession
"5/20/2023 11:56:35 PM +07:00",1,1,2,No,No,Yes,Not sure,Yes,Yes,No,Make them ordered,Strength and nature of ants,Cure for this injury,Morning,Yes,Make them quite,English,Mathematics,Physics,Informative,Paper,Mindset to go to school,Fresh Mind,Relaxing,Sleeping,Yes,No,No,No,Yes,Yes,No,Yes,No,Yes,Yes,No,Yes,Yes,Yes,Yes,No,No,No,Not sure,Business Related Profession
"5/20/2023 11:56:35 PM +07:00",2,1,2,Not sure,Not sure,No,Yes,Yes,Yes,No,Make them ordered,Strength and nature of ants,Cure for this injury,Night,No,Make them quite,Sceince,Programming,Programming,Formal,Paper,Mindset to go to school,Fresh Mind,Sleeping,Relaxing,Yes,Not sure,Not sure,Not sure,Yes,No,Yes,Yes,No,Yes,Yes,Yes,Yes,No,Not sure,No,No,Yes,Yes,No,Engineer
"5/20/2023 11:56:35 PM +07:00",1,2,1,No,Yes,Yes,Yes,No,Yes,No,Make them ordered,Strength and nature of ants,How to prevent him from get injured in future,Morning,No,Ignore them,Bangla,Other,Physics,Formal,Paper,Mindset to go to school,Healthy Body,Eating,Relaxing,Yes,Yes,Not sure,Yes,Not sure,No,No,Yes,No,Yes,Yes,Yes,Yes,Not sure,No,No,Yes,No,Yes,Not sure,Engineer
"5/20/2023 11:56:35 PM +07:00",1,0,1,No,No,Yes,Not sure,Yes,Yes,Yes,Make them ordered,Count of ants,Cure for this injury,Morning,No,Ignore them,Mathematics,Chemistry,Physics,Funny,Paper,Mindset to go to school,Healthy Body,Eating,Relaxing,Yes,Yes,Yes,Yes,No,No,Yes,No,Yes,No,Yes,Yes,Yes,Not sure,No,No,Yes,Not sure,Yes,Not sure,Engineer
"5/20/2023 11:56:35 PM +07:00",1,1,2,Not sure,No,No,Yes,Yes,Yes,No,Just keep them in a pile,Strength and nature of ants,Cure for this injury,Morning,No,Make them quite,Drawing,Biology,Biology,Formal,Paper,Mindset to go to school,Healthy Body,Relaxing,Relaxing,Yes,Yes,Yes,No,No,Yes,No,Yes,No,No,Yes,No,No,Yes,Yes,Yes,No,No,Not sure,Not sure,Doctor
2021/07/02 1:50:28 AM GMT+7,1,2,2,Not sure,No,No,Yes,Not sure,Yes,No,Just keep them in a pile,Strength and nature of ants,Cure for this injury,Morning,Not sure,Make them quite,Drawing,Biochemistry,Biology,Formal,Paper,Dressed up accordingly,Healthy Body,Relaxing,Relaxing,Yes,Yes,Yes,Not sure,No,Yes,No,Yes,No,Yes,Yes,No,No,Yes,Yes,Yes,No,No,Not sure,Not sure,Doctor
"5/20/2023 11:56:35 PM +07:00",2,1,2,Not sure,No,Yes,Not sure,Yes,No,Yes,Just keep them in a pile,Strength and nature of ants,Cure for this injury,Morning,Yes,Ignore them,Mathematics,Chemistry,Physics,Informative,Paper,Mindset to go to school,Fresh Mind,Reading,Playing,Yes,No,Not sure,Yes,Yes,No,Yes,No,Yes,No,Yes,No,Yes,No,Yes,No,No,No,No,No,Engineer
"5/20/2023 11:56:35 PM +07:00",0,1,2,No,No,Yes,Not sure,No,Not sure,No,Just keep them in a pile,Discipline of ants,Cure for this injury,Morning,No,Ignore them,Sceince,Business Studies,Biology,Formal,Paper,Dressed up accordingly,Fresh Mind,Sleeping,Browsing Internet,Yes,Yes,Yes,Not sure,No,Yes,Yes,Yes,Yes,No,Yes,Not sure,Yes,Not sure,No,Not sure,No,Yes,Yes,No,Doctor
"5/20/2023 11:56:35 PM +07:00",1,0,1,No,No,Yes,Not sure,Yes,Yes,No,Just keep them in a pile,Discipline of ants,How to prevent him from get injured in future,Morning,Yes,Ignore them,Sceince,Physics,Business Studies,Informative,Paper,Mindset to go to school,Healthy Body,Relaxing,Relaxing,Yes,Yes,Not sure,Not sure,Not sure,No,Yes,Yes,No,No,No,Yes,Yes,No,Yes,No,No,Yes,Not sure,No,Engineer
"5/20/2023 11:56:35 PM +07:00",1,2,2,Yes,Yes,Yes,No,No,Not sure,No,Make them ordered,Strength and nature of ants,How to prevent him from get injured in future,Night,Yes,Ignore them,Sceince,Mathematics,Business Studies,Formal,Paper,Mindset to go to school,Fresh Mind,Eating,Browsing Internet,Yes,Yes,Yes,Yes,Not sure,No,Yes,Yes,No,Yes,Yes,No,Yes,No,Not sure,No,Yes,Yes,Yes,No,Business Related Profession
"5/20/2023 11:56:35 PM +07:00",1,0,1,Not sure,No,Yes,Yes,Yes,No,Yes,Make them ordered,Count of ants,What was his mistake,Afternoon,No,Ignore them,Mathematics,Mathematics,Physics,Informative,Font,Mindset to go to school,Healthy Body,Relaxing,Reading,Yes,Yes,Yes,Yes,No,Not sure,Yes,Yes,No,No,Yes,Yes,Yes,No,Yes,No,No,No,Yes,Yes,Business Related Profession
"5/20/2023 11:56:35 PM +07:00",1,2,1,Yes,No,Yes,Yes,No,Yes,No,Make them ordered,Strength and nature of ants,How to prevent him from get injured in future,Night,Yes,Ignore them,Bangla,Business Studies,Mathematics,Funny,Paper,Mindset to go to school,Fresh Mind,Eating,Playing,Yes,Yes,Yes,Yes,Not sure,No,No,Yes,No,Yes,Yes,No,Yes,Yes,No,Yes,Yes,Yes,No,No,Business Related Profession
"5/20/2023 11:56:35 PM +07:00",1,2,2,Not sure,No,No,Yes,Yes,Yes,No,Just keep them in a pile,Strength and nature of ants,Cure for this injury,Morning,No,Make them quite,Drawing,Biochemistry,Biology,Formal,Paper,Dressed up accordingly,Healthy Body,Relaxing,Relaxing,Yes,Yes,Yes,Not sure,No,No,No,Yes,No,Yes,Yes,No,Yes,Yes,Yes,Yes,No,No,Not sure,Not sure,Doctor
"5/20/2023 11:56:35 PM +07:00",1,0,2,Yes,No,Yes,Yes,Yes,No,Yes,Make them ordered,Count of ants,How to prevent him from get injured in future,Night,Yes,Ignore them,Mathematics,literature,Programming,Funny,Paper,Mindset to go to school,Healthy Body,Sleeping,Other,Not sure,Yes,No,Yes,No,Yes,Yes,Yes,No,Yes,Yes,Not sure,No,No,Yes,No,Yes,No,Yes,Not sure,Engineer
"5/20/2023 11:56:35 PM +07:00",1,2,2,Yes,No,Yes,Yes,No,Yes,No,Make them ordered,Strength and nature of ants,Cure for this injury,Morning,No,Ignore them,Bangla,Mathematics,Mathematics,Formal,Paper,Mindset to go to school,Fresh Mind,Eating,Browsing Internet,Yes,Yes,Not sure,Yes,Not sure,No,No,Yes,No,Yes,Yes,Yes,Yes,No,Not sure,No,Yes,Yes,Yes,Yes,Business Related Profession
"5/20/2023 11:56:35 PM +07:00",1,0,2,No,No,Yes,No,Yes,Not sure,Yes,Make them ordered,Discipline of ants,Cure for this injury,Night,Not sure,Ignore them,Mathematics,Chemistry,Programming,Informative,Font,Mindset to go to school,Fresh Mind,Relaxing,Relaxing,Yes,Yes,Not sure,No,Yes,Yes,Yes,No,Yes,No,Yes,Yes,No,No,Yes,No,No,No,Yes,Yes,Engineer
"5/20/2023 11:56:35 PM +07:00",2,2,1,No,No,Yes,Yes,Yes,Not sure,Yes,Make them ordered,Strength and nature of ants,Cure for this injury,Morning,Yes,Ignore them,Mathematics,Programming,Programming,Informative,Paper,Dressed up accordingly,Fresh Mind,Taking bath,Relaxing,Yes,Not sure,Yes,Yes,No,Yes,Yes,Yes,No,No,No,Yes,Yes,Yes,No,Yes,Yes,Not sure,Not sure,Yes,Engineer
"5/20/2023 11:56:35 PM +07:00",2,0,2,Not sure,No,Yes,No,Yes,Yes,No,Make them ordered,Strength and nature of ants,Cure for this injury,Night,No,Make them quite,Sceince,Chemistry,Programming,Informative,Paper,Mindset to go to school,Healthy Body,Eating,Playing,Yes,Yes,Yes,Yes,Yes,Yes,No,Not sure,Yes,Yes,Not sure,Not sure,Yes,No,No,Yes,Yes,Not sure,Yes,Yes,Engineer
"5/20/2023 11:56:35 PM +07:00",1,1,2,No,No,Yes,No,Yes,Yes,No,Make them ordered,Discipline of ants,Cure for this injury,Morning,Yes,Make them quite,Sceince,Programming,Biology,Funny,Paper,Dressed up accordingly,Healthy Body,Eating,Relaxing,Yes,Yes,Yes,Yes,Yes,Yes,Yes,Yes,No,Yes,Yes,No,No,Not sure,Yes,Yes,No,Not sure,Yes,Yes,Engineer
"5/20/2023 11:56:35 PM +07:00",2,0,2,Yes,No,Yes,Yes,Yes,Not sure,No,Ignore them,Strength and nature of ants,Cure for this injury,Night,Yes,Make them quite,Mathematics,Programming,Programming,Informative,Color,Mindset to go to school,Fresh Mind,Relaxing,Playing,Yes,No,No,Yes,Yes,Yes,Yes,Yes,No,Yes,No,No,Yes,No,No,No,No,No,Not sure,No,Engineer
"5/20/2023 11:56:35 PM +07:00",1,1,2,Not sure,No,No,Yes,Yes,Yes,No,Just keep them in a pile,Strength and nature of ants,Cure for this injury,Morning,Not sure,Make them quite,Sceince,Biology,Biology,Formal,Paper,Mindset to go to school,Healthy Body,Relaxing,Relaxing,Yes,Yes,Yes,No,No,Yes,No,Yes,No,Yes,Yes,No,No,Yes,Yes,Yes,No,No,Not sure,Not sure,Doctor
"5/20/2023 11:56:35 PM +07:00",2,1,0,Not sure,No,Yes,Not sure,Not sure,No,Yes,Just keep them in a pile,Discipline of ants,Cure for this injury,Morning,No,Make them quite,Mathematics,Physics,Programming,Informative,Paper,Mindset to go to school,Healthy Body,Eating,Watching TV,Yes,No,Yes,Not sure,Yes,Yes,Yes,Yes,No,Yes,Yes,Not sure,Yes,No,No,Not sure,No,No,Not sure,Yes,Engineer
"5/20/2023 11:56:35 PM +07:00",1,2,1,Yes,Yes,Yes,No,Yes,Not sure,No,Ignore them,Count of ants,Cure for this injury,Morning,No,Ignore them,Sceince,Mathematics,Business Studies,Funny,Paper,Mindset to go to school,Healthy Brain,Eating,Playing,Yes,Yes,Not sure,Yes,Not sure,No,No,Yes,No,Yes,Yes,Yes,Yes,No,Not sure,Yes,Yes,Yes,Yes,Yes,Business Related Profession
"5/20/2023 11:56:35 PM +07:00",1,1,1,No,Not sure,Yes,Yes,No,Yes,Yes,Ignore them,Strength and nature of ants,Cure for this injury,Night,No,Ignore them,Bangla,Chemistry,Business Studies,Funny,Color,Dressed up accordingly,Healthy Body,Eating,Sleeping,No,No,Yes,Yes,No,Yes,Yes,Yes,No,Yes,Yes,No,Yes,Yes,No,No,Yes,No,Not sure,Not sure,Engineer
"5/20/2023 11:56:35 PM +07:00",1,1,2,Yes,Yes,Yes,Yes,Yes,Yes,Yes,Ignore them,Strength and nature of ants,How to prevent him from get injured in future,Morning,Yes,Ignore them,Mathematics,Programming,Business Studies,Informative,Paper,Mindset to go to school,Healthy Body,Sleeping,Relaxing,Yes,No,Yes,Not sure,No,Yes,Yes,Yes,No,Yes,No,Not sure,Yes,No,No,No,Yes,No,Not sure,No,Engineer
"5/20/2023 11:56:35 PM +07:00",2,0,1,Yes,Yes,Not sure,No,Not sure,No,Yes,Make them ordered,Strength and nature of ants,How to prevent him from get injured in future,Night,No,Ignore them,Drawing,Physics,Programming,Informative,Paper,Dressed up accordingly,Fresh Mind,Reading,Playing,Yes,No,Yes,Yes,Yes,Yes,Not sure,No,No,Yes,No,Yes,Yes,No,No,Yes,Yes,Yes,Yes,Yes,Engineer
"5/20/2023 11:56:35 PM +07:00",1,1,2,Not sure,No,No,Yes,Not sure,Yes,No,Just keep them in a pile,Strength and nature of ants,Cure for this injury,Morning,No,Make them quite,Sceince,Biology,Biology,Formal,Paper,Dressed up accordingly,Healthy Body,Relaxing,Relaxing,Yes,Yes,Yes,Not sure,No,No,No,Yes,No,No,Yes,No,No,Yes,Yes,Yes,No,No,Not sure,Not sure,Doctor
"5/20/2023 11:56:35 PM +07:00",1,1,2,Not sure,No,No,Yes,Yes,Yes,No,Just keep them in a pile,Strength and nature of ants,Cure for this injury,Morning,No,Make them quite,Sceince,Biology,Biology,Formal,Paper,Dressed up accordingly,Healthy Body,Relaxing,Relaxing,Yes,Yes,Yes,No,No,No,No,Yes,No,Yes,Yes,No,No,Yes,Yes,Yes,No,No,Not sure,Not sure,Doctor
"5/20/2023 11:56:35 PM +07:00",1,2,2,Not sure,No,No,Yes,Yes,Yes,No,Just keep them in a pile,Strength and nature of ants,Cure for this injury,Morning,No,Make them quite,Drawing,Biochemistry,Biology,Formal,Paper,Dressed up accordingly,Healthy Body,Relaxing,Relaxing,Yes,Yes,Yes,Not sure,No,No,No,Yes,No,Yes,Yes,No,Yes,Yes,Yes,Yes,No,No,Not sure,Not sure,Doctor
"5/20/2023 11:56:35 PM +07:00",2,0,1,No,Yes,Yes,No,Yes,No,Yes,Just keep them in a pile,Discipline of ants,Cure for this injury,Morning,Yes,Ignore them,Other,Other,Chemistry,Informative,Paper,Dressed up accordingly,Fresh Mind,Taking bath,Relaxing,Yes,Yes,No,No,Yes,Not sure,No,Yes,No,No,Yes,Not sure,Yes,Yes,Yes,No,No,No,Yes,Yes,Engineer
"5/20/2023 11:56:35 PM +07:00",1,1,2,Not sure,No,No,Yes,Yes,Yes,No,Just keep them in a pile,Strength and nature of ants,Cure for this injury,Morning,No,Make them quite,Sceince,Biochemistry,Biology,Formal,Paper,Mindset to go to school,Healthy Body,Relaxing,Relaxing,Yes,Yes,Yes,No,No,No,No,Yes,No,No,Yes,No,No,Yes,Yes,Yes,No,No,Not sure,Not sure,Doctor
"5/20/2023 11:56:35 PM +07:00",1,1,1,Yes,No,Yes,Not sure,Yes,Yes,Yes,Make them ordered,Count of ants,How to prevent him from get injured in future,Morning,Not sure,Make them quite,English,Other,Other,Funny,Font,Mindset to go to school,Fresh Mind,Eating,Playing,Not sure,Not sure,Yes,Yes,Yes,Yes,Yes,Yes,Yes,No,No,Yes,Yes,Yes,No,No,Yes,Yes,No,No,Engineer
"5/20/2023 11:56:35 PM +07:00",1,0,2,Yes,No,Not sure,Yes,Yes,No,Yes,Ignore them,Strength and nature of ants,What was his mistake,Morning,No,Ignore them,Mathematics,Programming,literature,Funny,Paper,Mindset to go to school,Healthy Body,Taking bath,Playing,Yes,No,Yes,Yes,No,Yes,Yes,Yes,No,Yes,Yes,Yes,Yes,No,No,Yes,No,No,Not sure,Not sure,Engineer
"5/20/2023 11:56:35 PM +07:00",2,1,2,Not sure,No,Yes,Not sure,Yes,Yes,Yes,Just keep them in a pile,Discipline of ants,How to prevent him from get injured in future,Morning,No,Ignore them,Mathematics,Chemistry,Programming,Informative,Font,Mindset to go to school,Healthy Body,Sleeping,Relaxing,Yes,Not sure,Yes,Not sure,Yes,No,Yes,Yes,No,Yes,Yes,Yes,Yes,No,No,Yes,No,No,Yes,Yes,Engineer
"5/20/2023 11:56:35 PM +07:00",1,1,1,No,No,No,Yes,Yes,No,Yes,Make them ordered,Strength and nature of ants,How to prevent him from get injured in future,Night,No,Search for a pattern in the noise,Bangla,literature,Programming,Informative,Paper,Mindset to go to school,Fresh Mind,Eating,Relaxing,Yes,No,Yes,Yes,Yes,Yes,No,Not sure,No,No,Not sure,Yes,No,Yes,Yes,No,Yes,Yes,Yes,Not sure,Engineer
"5/20/2023 11:56:35 PM +07:00",2,1,2,No,No,No,Not sure,Yes,Yes,Yes,Make them ordered,Discipline of ants,What was his mistake,Morning,No,Ignore them,Other,Mathematics,Biology,Funny,Paper,Mindset to go to school,Healthy Body,Sleeping,Reading,Yes,No,Not sure,Yes,No,Yes,Yes,Yes,Yes,Yes,Yes,Not sure,Yes,Yes,Yes,No,No,No,Yes,No,Engineer
"5/20/2023 11:56:35 PM +07:00",1,1,2,Not sure,No,No,Not sure,Yes,Not sure,No,Make them ordered,Strength and nature of ants,Cure for this injury,Night,No,Search for a pattern in the noise,Other,Physics,Programming,Informative,Font,Mindset to go to school,Healthy Body,Sleeping,Browsing Internet,Yes,No,No,Yes,Yes,No,No,Yes,No,No,Yes,No,Yes,Yes,No,Yes,Yes,No,Yes,Yes,Engineer
"5/20/2023 11:56:35 PM +07:00",1,1,2,Not sure,No,No,Yes,Not sure,Yes,No,Just keep them in a pile,Strength and nature of ants,Cure for this injury,Morning,Not sure,Make them quite,Drawing,Biochemistry,Biology,Formal,Paper,Mindset to go to school,Healthy Body,Relaxing,Relaxing,Yes,Yes,Yes,No,No,Yes,No,Yes,No,No,Yes,No,No,Yes,Yes,Yes,No,No,Not sure,Not sure,Doctor
"5/20/2023 11:56:35 PM +07:00",2,2,2,No,No,No,No,Yes,Yes,Yes,Just keep them in a pile,Strength and nature of ants,How to prevent him from get injured in future,Night,No,Ignore them,Religious Studies,literature,Physics,Funny,Paper,Mindset to go to school,Fresh Mind,Eating,Sleeping,Yes,No,Yes,Yes,Yes,Yes,Yes,Yes,Yes,Yes,No,Yes,No,Yes,Yes,No,No,No,No,No,Engineer
"5/20/2023 11:56:35 PM +07:00",1,2,2,Yes,Yes,Yes,No,Yes,Yes,No,Ignore them,Strength and nature of ants,How to prevent him from get injured in future,Morning,Yes,Ignore them,Bangla,Business Studies,Business Studies,Formal,Paper,Mindset to go to school,Healthy Brain,Eating,Playing,Yes,Yes,Not sure,Yes,Not sure,No,No,Yes,No,No,Yes,No,Yes,No,No,Yes,Yes,Yes,Yes,Yes,Business Related Profession
2020/11/18 12:58:58 AM GMT+7,0,0,0,No,No,Yes,Not sure,Yes,Yes,Yes,Ignore them,Discipline of ants,Cure for this injury,Night,Not sure,Make them quite,Sceince,literature,Programming,Funny,Font,Mindset to go to school,Healthy Brain,Sleeping,Playing,Yes,No,Not sure,Not sure,No,No,Yes,Yes,No,No,No,No,Yes,Yes,Yes,Yes,No,No,Yes,Yes,Engineer
"5/20/2023 11:56:35 PM +07:00",1,1,2,Not sure,No,No,Yes,Not sure,Yes,No,Just keep them in a pile,Strength and nature of ants,Cure for this injury,Morning,Not sure,Make them quite,Drawing,Biochemistry,Biology,Formal,Paper,Dressed up accordingly,Healthy Body,Relaxing,Relaxing,Yes,Yes,Yes,No,No,Yes,No,Yes,No,No,Yes,No,Yes,Yes,Yes,Yes,No,No,Not sure,Not sure,Doctor
"5/20/2023 11:56:35 PM +07:00",2,1,1,Yes,No,Yes,No,Yes,Yes,No,Make them ordered,Discipline of ants,Cure for this injury,Night,No,Ignore them,Mathematics,Physics,Mathematics,Funny,Paper,Mindset to go to school,Healthy Body,Reading,Playing,Yes,No,Yes,Yes,Yes,No,Yes,Yes,No,Yes,Yes,No,No,Not sure,Not sure,Yes,Yes,Yes,No,No,Engineer
"5/20/2023 11:56:35 PM +07:00",1,0,2,Yes,No,Not sure,Yes,Yes,No,Yes,Ignore them,Strength and nature of ants,What was his mistake,Morning,No,Ignore them,Mathematics,Programming,literature,Funny,Paper,Mindset to go to school,Healthy Body,Taking bath,Playing,Yes,No,Yes,Yes,No,Yes,Yes,Yes,No,Yes,Yes,Yes,Yes,No,No,Yes,No,No,Not sure,Not sure,Engineer
"5/20/2023 11:56:35 PM +07:00",1,0,2,No,Not sure,Yes,No,Yes,Yes,Yes,Just keep them in a pile,Discipline of ants,What was his mistake,Night,Yes,Ignore them,Religious Studies,Programming,Physics,Funny,Paper,Dressed up accordingly,Fresh Mind,Sleeping,Browsing Internet,Not sure,No,Yes,Yes,Yes,Yes,Yes,Yes,No,No,No,Yes,Yes,Yes,Yes,No,No,Yes,Yes,Not sure,Engineer
"5/20/2023 11:56:35 PM +07:00",1,1,2,No,Yes,Yes,Yes,Not sure,Not sure,No,Just keep them in a pile,Strength and nature of ants,How to prevent him from get injured in future,Night,Yes,Ignore them,Bangla,Programming,Programming,Funny,Paper,Mindset to go to school,Healthy Brain,Eating,Relaxing,Yes,No,Yes,Not sure,No,No,Yes,No,No,Yes,Not sure,No,No,Yes,Yes,No,No,Yes,No,No,Business Related Profession
"5/20/2023 11:56:35 PM +07:00",1,1,1,Yes,Yes,Yes,Not sure,Yes,No,Yes,Just keep them in a pile,Strength and nature of ants,How to prevent him from get injured in future,Morning,No,Ignore them,Sceince,Mathematics,Programming,Funny,Color,Mindset to go to school,Fresh Mind,Sleeping,Other,Yes,Yes,Not sure,Yes,Yes,Yes,Yes,Not sure,Yes,Yes,No,No,Yes,No,No,Yes,No,No,Yes,Yes,Engineer
"5/20/2023 11:56:35 PM +07:00",1,2,2,Not sure,No,No,Yes,Not sure,Yes,No,Just keep them in a pile,Strength and nature of ants,Cure for this injury,Morning,Not sure,Make them quite,Sceince,Biology,Biology,Formal,Paper,Dressed up accordingly,Healthy Body,Relaxing,Relaxing,Yes,Yes,Yes,Not sure,No,No,No,Yes,No,No,Yes,No,No,Yes,Yes,Yes,No,No,Not sure,Not sure,Doctor
"5/20/2023 11:56:35 PM +07:00",0,2,2,Not sure,Yes,No,No,Not sure,Yes,No,Ignore them,Count of ants,Cure for this injury,Night,Yes,Ignore them,Sceince,Other,Programming,Funny,Paper,Mindset to go to school,Healthy Body,Eating,Playing,Yes,Yes,Yes,Yes,No,Yes,Yes,Yes,Yes,No,Yes,No,Yes,No,Yes,Yes,No,Not sure,Yes,Yes,Engineer
"5/20/2023 11:56:35 PM +07:00",1,1,1,No,Yes,Yes,Yes,Yes,No,Yes,Make them ordered,Strength and nature of ants,Cure for this injury,Morning,No,Search for a pattern in the noise,Mathematics,Programming,Physics,Informative,Paper,Mindset to go to school,Fresh Mind,Taking bath,Browsing Internet,Yes,No,Yes,Yes,No,No,No,Yes,No,No,Yes,Yes,Yes,Yes,Yes,No,Yes,No,Yes,Yes,Engineer
"5/20/2023 11:56:35 PM +07:00",1,0,2,No,Yes,No,Not sure,Yes,Not sure,No,Ignore them,Count of ants,Cure for this injury,Morning,No,Search for a pattern in the noise,Mathematics,Mathematics,Business Studies,Informative,Paper,Mindset to go to school,Healthy Body,Eating,Playing,Not sure,Yes,Yes,Yes,Yes,Not sure,Yes,Yes,No,Yes,Yes,Not sure,No,Yes,No,No,Not sure,Not sure,No,Yes,Engineer
"5/20/2023 11:56:35 PM +07:00",1,1,1,Not sure,Yes,No,Yes,Not sure,No,Not sure,Make them ordered,Strength and nature of ants,Cure for this injury,Morning,Not sure,Ignore them,Mathematics,Chemistry,Programming,Funny,Paper,Dressed up accordingly,Fresh Mind,Eating,Browsing Internet,No,Yes,Yes,Yes,Yes,No,Yes,Yes,No,Yes,Yes,Not sure,Yes,Not sure,No,No,Yes,Yes,Yes,No,Engineer
"5/20/2023 11:56:35 PM +07:00",1,2,2,Yes,No,Yes,No,No,Not sure,No,Ignore them,Strength and nature of ants,How to prevent him from get injured in future,Night,Yes,Ignore them,Sceince,Business Studies,Business Studies,Funny,Paper,Mindset to go to school,Fresh Mind,Eating,Browsing Internet,Yes,Yes,Not sure,Yes,Not sure,No,Yes,Yes,No,No,Yes,Yes,Yes,Yes,Not sure,Yes,Yes,Yes,Yes,No,Business Related Profession
"5/20/2023 11:56:35 PM +07:00",1,2,2,Yes,Yes,Yes,Yes,No,Yes,No,Make them ordered,Count of ants,Cure for this injury,Morning,Yes,Ignore them,Bangla,Mathematics,Business Studies,Funny,Paper,Mindset to go to school,Healthy Brain,Eating,Playing,Yes,Yes,Not sure,Yes,Not sure,No,Yes,Yes,No,Yes,Yes,Yes,Yes,No,No,No,Yes,Yes,Yes,No,Business Related Profession
"5/20/2023 11:56:35 PM +07:00",1,1,2,Not sure,No,No,Yes,Yes,Yes,No,Just keep them in a pile,Strength and nature of ants,Cure for this injury,Morning,Not sure,Make them quite,Sceince,Biology,Biology,Formal,Paper,Dressed up accordingly,Healthy Body,Relaxing,Relaxing,Yes,Yes,Yes,Not sure,No,Yes,No,Yes,No,Yes,Yes,No,No,Yes,Yes,Yes,No,No,Not sure,Not sure,Doctor
"5/20/2023 11:56:35 PM +07:00",1,2,2,Yes,Yes,Yes,Yes,No,Not sure,No,Make them ordered,Count of ants,Cure for this injury,Night,No,Ignore them,Sceince,Mathematics,Mathematics,Formal,Paper,Mindset to go to school,Fresh Mind,Eating,Browsing Internet,Yes,Yes,Not sure,Yes,Not sure,No,No,Yes,No,No,Yes,Yes,Yes,Yes,No,Yes,Yes,Yes,No,Yes,Business Related Profession
"5/20/2023 11:56:35 PM +07:00",1,0,0,Not sure,No,No,Yes,Yes,No,Yes,Make them ordered,Strength and nature of ants,Cure for this injury,Night,Yes,Ignore them,Mathematics,literature,Biology,Informative,Paper,Mindset to go to school,Fresh Mind,Relaxing,Watching TV,Yes,Yes,Yes,Yes,Not sure,No,No,Yes,Yes,Yes,Not sure,No,Yes,No,No,Not sure,Yes,No,Yes,Yes,Engineer
"5/20/2023 11:56:35 PM +07:00",2,2,2,No,No,Yes,No,Yes,Yes,Yes,Just keep them in a pile,Discipline of ants,Cure for this injury,Night,No,Ignore them,Mathematics,literature,Physics,Funny,Font,Mindset to go to school,Healthy Body,Reading,Relaxing,Yes,Yes,Not sure,Yes,No,Yes,Yes,No,Yes,Yes,Yes,Yes,Yes,No,Yes,No,Yes,Yes,Yes,Yes,Engineer
"5/20/2023 11:56:35 PM +07:00",1,2,2,Yes,Yes,Yes,No,Yes,Yes,No,Make them ordered,Count of ants,How to prevent him from get injured in future,Night,No,Ignore them,Bangla,Mathematics,Business Studies,Funny,Paper,Mindset to go to school,Fresh Mind,Eating,Browsing Internet,Yes,Yes,Yes,Yes,Not sure,No,Yes,Yes,No,Yes,Yes,No,Yes,Yes,No,Yes,Yes,Yes,Yes,Yes,Business Related Profession
"5/20/2023 11:56:35 PM +07:00",1,2,2,Yes,No,Yes,Yes,No,Yes,No,Make them ordered,Strength and nature of ants,Cure for this injury,Morning,Yes,Ignore them,Bangla,Business Studies,Mathematics,Formal,Paper,Mindset to go to school,Healthy Brain,Eating,Playing,Yes,Yes,Not sure,Yes,Not sure,No,No,Yes,No,No,Yes,No,Yes,No,Not sure,No,Yes,Yes,Yes,Yes,Business Related Profession
2020/11/18 1:56:36 AM GMT+7,1,1,2,No,No,Yes,Yes,Yes,Yes,Yes,Ignore them,Discipline of ants,Cure for this injury,Morning,No,Make them quite,English,Other,Programming,Funny,Color,Mindset to go to school,Healthy Body,Eating,Relaxing,Yes,No,Yes,Yes,No,Yes,Yes,No,Yes,Yes,No,No,Yes,Yes,Yes,Yes,No,No,Yes,Yes,Engineer
"5/20/2023 11:56:35 PM +07:00",0,1,1,No,Yes,Yes,Yes,Not sure,Yes,Yes,Ignore them,Count of ants,Cure for this injury,Night,Not sure,Ignore them,Mathematics,Other,Programming,Formal,Font,Mindset to go to school,Healthy Body,Relaxing,Sleeping,Yes,Yes,Not sure,Yes,No,No,Yes,Yes,Yes,Yes,Not sure,Yes,Yes,No,No,No,No,Yes,Yes,Yes,Engineer
"5/20/2023 11:56:35 PM +07:00",1,2,1,Not sure,Yes,Yes,Not sure,Yes,Yes,No,Just keep them in a pile,Strength and nature of ants,How to prevent him from get injured in future,Morning,Yes,Ignore them,Mathematics,Biochemistry,Biology,Informative,Paper,Mindset to go to school,Healthy Body,Relaxing,Playing,Yes,No,No,Yes,Not sure,No,Yes,Yes,No,No,Yes,No,Yes,No,Yes,Not sure,No,No,Not sure,No,Engineer
"5/20/2023 11:56:35 PM +07:00",1,0,2,Not sure,Yes,Yes,Yes,Yes,Yes,Yes,Ignore them,Discipline of ants,Cure for this injury,Afternoon,Yes,Ignore them,Mathematics,Chemistry,Physics,Funny,Paper,Mindset to go to school,Fresh Mind,Sleeping,Relaxing,Yes,No,Yes,No,Yes,Yes,No,Not sure,No,Yes,Yes,Yes,Yes,No,No,Not sure,No,Not sure,Yes,Yes,Engineer
"5/20/2023 11:56:35 PM +07:00",1,2,2,Yes,Yes,Yes,Yes,Yes,Not sure,No,Make them ordered,Count of ants,Cure for this injury,Night,Yes,Ignore them,Sceince,Business Studies,Business Studies,Formal,Paper,Mindset to go to school,Healthy Brain,Eating,Browsing Internet,Yes,Yes,Not sure,Yes,Not sure,No,Yes,Yes,No,No,Yes,No,Yes,Yes,No,No,Yes,Yes,No,Yes,Business Related Profession
"5/20/2023 11:56:35 PM +07:00",1,2,2,Not sure,No,No,Yes,Yes,Yes,No,Just keep them in a pile,Strength and nature of ants,Cure for this injury,Morning,Not sure,Make them quite,Drawing,Biochemistry,Biology,Formal,Paper,Mindset to go to school,Healthy Body,Relaxing,Relaxing,Yes,Yes,Yes,Not sure,No,Yes,No,Yes,No,No,Yes,No,No,Yes,Yes,Yes,No,No,Not sure,Not sure,Doctor
"5/20/2023 11:56:35 PM +07:00",2,1,1,No,No,Yes,Yes,Yes,Yes,No,Make them ordered,Discipline of ants,Cure for this injury,Night,No,Make them quite,Sceince,Programming,Programming,Informative,Paper,Mindset to go to school,Healthy Body,Sleeping,Browsing Internet,Yes,Yes,Not sure,Yes,Yes,No,Yes,No,No,No,Yes,Yes,No,Yes,No,No,Yes,No,Yes,Not sure,Engineer
"5/20/2023 11:56:35 PM +07:00",2,1,1,No,Yes,Yes,No,Yes,No,Yes,Make them ordered,Discipline of ants,Cure for this injury,Morning,No,Ignore them,Other,Programming,Programming,Informative,Paper,Mindset to go to school,Fresh Mind,Eating,Relaxing,Yes,Not sure,Yes,Yes,Not sure,No,Yes,Not sure,Yes,No,Yes,Yes,Yes,Not sure,No,Yes,No,No,Yes,Yes,Engineer
"5/20/2023 11:56:35 PM +07:00",1,1,2,Not sure,No,No,Yes,Yes,Yes,No,Just keep them in a pile,Strength and nature of ants,Cure for this injury,Morning,No,Make them quite,Sceince,Biology,Biology,Formal,Paper,Dressed up accordingly,Healthy Body,Relaxing,Relaxing,Yes,Yes,Yes,No,No,No,No,Yes,No,Yes,Yes,No,No,Yes,Yes,Yes,No,No,Not sure,Not sure,Doctor
"5/20/2023 11:56:35 PM +07:00",1,1,2,Yes,No,Yes,Not sure,Yes,No,No,Make them ordered,Strength and nature of ants,How to prevent him from get injured in future,Morning,Not sure,Search for a pattern in the noise,Mathematics,Business Studies,Business Studies,Formal,Font,Mindset to go to school,Fresh Mind,Sleeping,Relaxing,Not sure,Yes,Yes,Not sure,Yes,No,Yes,Yes,No,No,No,Yes,Not sure,Yes,Yes,Yes,No,No,Yes,Yes,Engineer
"5/20/2023 11:56:35 PM +07:00",1,2,2,Yes,Yes,Yes,No,Yes,Not sure,No,Make them ordered,Strength and nature of ants,Cure for this injury,Night,Yes,Ignore them,Sceince,Mathematics,Business Studies,Formal,Paper,Mindset to go to school,Healthy Brain,Eating,Playing,Yes,Yes,Not sure,Yes,Not sure,No,Yes,Yes,No,No,Yes,No,Yes,Yes,No,No,Yes,Yes,Yes,Yes,Business Related Profession
"5/20/2023 11:56:35 PM +07:00",1,2,2,Yes,Yes,Yes,No,Yes,Not sure,No,Make them ordered,Count of ants,How to prevent him from get injured in future,Night,No,Ignore them,Sceince,Mathematics,Mathematics,Formal,Paper,Mindset to go to school,Healthy Brain,Eating,Playing,Yes,Yes,Yes,Yes,Not sure,No,Yes,Yes,No,No,Yes,Yes,Yes,Yes,No,Yes,Yes,Yes,No,Yes,Business Related Profession
"5/20/2023 11:56:35 PM +07:00",1,1,2,Not sure,No,No,Yes,Not sure,Yes,No,Just keep them in a pile,Strength and nature of ants,Cure for this injury,Morning,No,Make them quite,Drawing,Biochemistry,Biology,Formal,Paper,Dressed up accordingly,Healthy Body,Relaxing,Relaxing,Yes,Yes,Yes,Not sure,No,No,No,Yes,No,Yes,Yes,No,No,Yes,Yes,Yes,No,No,Not sure,Not sure,Doctor
"5/20/2023 11:56:35 PM +07:00",2,2,1,No,No,Yes,Yes,Yes,Yes,Yes,Ignore them,Discipline of ants,How to prevent him from get injured in future,Night,No,Ignore them,Religious Studies,Biology,Physics,Informative,Paper,Mindset to go to school,Healthy Body,Sleeping,Relaxing,Not sure,Not sure,Not sure,Yes,Yes,Not sure,Yes,Yes,Yes,Yes,Yes,Yes,No,Not sure,No,Yes,Yes,No,Yes,No,Engineer
"5/20/2023 11:56:35 PM +07:00",1,1,2,Not sure,No,No,Yes,Yes,Yes,No,Just keep them in a pile,Strength and nature of ants,Cure for this injury,Morning,Not sure,Make them quite,Drawing,Biochemistry,Biology,Formal,Paper,Mindset to go to school,Healthy Body,Relaxing,Relaxing,Yes,Yes,Yes,Not sure,No,No,No,Yes,No,Yes,Yes,No,No,Yes,Yes,Yes,No,No,Not sure,Not sure,Doctor
"5/20/2023 11:56:35 PM +07:00",1,2,2,Not sure,No,No,Yes,Yes,Yes,No,Just keep them in a pile,Strength and nature of ants,Cure for this injury,Morning,No,Make them quite,Sceince,Biology,Biology,Formal,Paper,Mindset to go to school,Healthy Body,Relaxing,Relaxing,Yes,Yes,Yes,Not sure,No,Yes,No,Yes,No,No,Yes,No,No,Yes,Yes,Yes,No,No,Not sure,Not sure,Doctor
"5/20/2023 11:56:35 PM +07:00",2,0,1,No,Yes,No,Not sure,Yes,No,Yes,Make them ordered,Discipline of ants,How to prevent him from get injured in future,Night,Not sure,Ignore them,Other,Programming,Programming,Funny,Paper,Mindset to go to school,Healthy Body,Taking bath,Playing,Yes,No,No,Yes,Yes,No,Yes,No,Yes,Yes,Yes,Not sure,Yes,Not sure,No,No,Yes,No,Yes,Yes,Engineer
"5/20/2023 11:56:35 PM +07:00",0,1,2,No,No,Yes,Yes,No,Not sure,No,Just keep them in a pile,Discipline of ants,How to prevent him from get injured in future,Night,No,Ignore them,Sceince,Chemistry,Biology,Funny,Paper,Dressed up accordingly,Healthy Body,Relaxing,Browsing Internet,Yes,Yes,Yes,No,Yes,No,Yes,Yes,No,No,Yes,No,Not sure,Yes,Not sure,Yes,Yes,Not sure,Not sure,No,Engineer
"5/20/2023 11:56:35 PM +07:00",2,1,2,No,No,Yes,Yes,Yes,No,Yes,Make them ordered,Strength and nature of ants,Cure for this injury,Morning,No,Ignore them,Other,Other,Chemistry,Informative,Paper,Mindset to go to school,Fresh Mind,Eating,Relaxing,No,No,No,Not sure,Not sure,No,Yes,Yes,No,No,Yes,No,Yes,No,Yes,Yes,No,No,Yes,Yes,Engineer
"5/20/2023 11:56:35 PM +07:00",1,2,2,Yes,No,Yes,No,No,Not sure,No,Make them ordered,Count of ants,How to prevent him from get injured in future,Morning,No,Ignore them,Sceince,Business Studies,Mathematics,Formal,Paper,Mindset to go to school,Healthy Brain,Eating,Browsing Internet,Yes,Yes,Not sure,Yes,Not sure,No,No,Yes,No,Yes,Yes,No,Yes,Yes,Not sure,Yes,Yes,Yes,No,Yes,Business Related Profession
"5/20/2023 11:56:35 PM +07:00",2,0,2,Not sure,Yes,Yes,Not sure,Yes,No,Yes,Make them ordered,Count of ants,Cure for this injury,Night,No,Ignore them,Drawing,Programming,Programming,Funny,Font,Mindset to go to school,Healthy Brain,Sleeping,Reading,Yes,Not sure,Yes,Yes,No,Yes,Yes,Yes,No,Yes,No,Yes,No,Yes,Not sure,Not sure,Yes,Yes,Yes,No,Engineer
"5/20/2023 11:56:35 PM +07:00",1,2,2,Not sure,No,No,Yes,Not sure,Yes,No,Just keep them in a pile,Strength and nature of ants,Cure for this injury,Morning,Not sure,Make them quite,Sceince,Biochemistry,Biology,Formal,Paper,Dressed up accordingly,Healthy Body,Relaxing,Relaxing,Yes,Yes,Yes,Not sure,No,Yes,No,Yes,No,No,Yes,No,No,Yes,Yes,Yes,No,No,Not sure,Not sure,Doctor
"5/20/2023 11:56:35 PM +07:00",1,1,1,Not sure,Yes,No,Yes,Not sure,No,Not sure,Make them ordered,Strength and nature of ants,Cure for this injury,Morning,Not sure,Ignore them,Mathematics,Chemistry,Programming,Funny,Paper,Dressed up accordingly,Fresh Mind,Eating,Browsing Internet,No,Yes,Yes,Yes,Yes,No,Yes,Yes,No,Yes,Yes,Not sure,Yes,Not sure,No,No,Yes,Yes,Yes,No,Engineer
"5/20/2023 11:56:35 PM +07:00",1,0,2,Yes,No,Yes,Not sure,Yes,Yes,No,Just keep them in a pile,Discipline of ants,Cure for this injury,Night,Yes,Ignore them,Sceince,Physics,Programming,Funny,Font,Mindset to go to school,Healthy Body,Sleeping,Relaxing,Yes,No,Yes,No,Yes,Yes,Yes,Yes,No,Yes,Yes,No,Not sure,No,No,No,No,Yes,Yes,Yes,Engineer
"5/20/2023 11:56:35 PM +07:00",1,1,1,No,No,Yes,Yes,Yes,Yes,Yes,Make them ordered,Count of ants,What was his mistake,Morning,No,Ignore them,Mathematics,Biology,Biology,Funny,Font,Mindset to go to school,Fresh Mind,Taking bath,Relaxing,Yes,Yes,Not sure,Yes,Yes,Yes,Yes,Yes,No,No,No,No,Yes,No,No,No,No,No,Yes,No,Engineer
"5/20/2023 11:56:35 PM +07:00",2,2,2,Yes,Yes,Yes,Yes,Yes,Yes,No,Make them ordered,Strength and nature of ants,Cure for this injury,Morning,Yes,Make them quite,Other,Chemistry,Other,Informative,Paper,Mindset to go to school,Healthy Body,Relaxing,Playing,Yes,Yes,Yes,Yes,Yes,No,Yes,No,No,Yes,Yes,Yes,No,Yes,No,No,No,No,Yes,No,Doctor
"5/20/2023 11:56:35 PM +07:00",2,2,2,No,Yes,Yes,Yes,Not sure,Yes,No,Make them ordered,Strength and nature of ants,Cure for this injury,Night,No,Search for a pattern in the noise,Mathematics,Mathematics,Programming,Formal,Paper,Mindset to go to school,Fresh Mind,Sleeping,Relaxing,Yes,Not sure,Yes,Yes,No,No,Yes,No,Yes,Yes,Yes,No,Yes,Yes,No,No,No,Yes,Yes,No,Business Related Profession
"5/20/2023 11:56:35 PM +07:00",1,1,1,Not sure,No,Yes,Not sure,Not sure,No,Yes,Just keep them in a pile,Discipline of ants,How to prevent him from get injured in future,Night,No,Ignore them,Mathematics,Chemistry,Physics,Funny,Font,Dressed up accordingly,Healthy Brain,Eating,Relaxing,Yes,Not sure,Yes,Yes,Yes,No,Yes,Yes,Yes,Yes,Yes,Yes,Yes,No,No,Yes,Yes,Yes,Yes,Yes,Engineer
"5/20/2023 11:56:35 PM +07:00",2,2,2,Not sure,No,Yes,Yes,Yes,No,Yes,Make them ordered,Discipline of ants,Cure for this injury,Morning,Yes,Search for a pattern in the noise,Mathematics,History,Programming,Informative,Paper,Mindset to go to school,Healthy Body,Relaxing,Sleeping,Yes,No,No,No,No,Yes,Yes,Yes,Yes,No,No,No,Yes,No,Yes,Yes,Yes,No,Not sure,Yes,Engineer
"5/20/2023 11:56:35 PM +07:00",1,0,1,Yes,Yes,Yes,Yes,Yes,No,Yes,Make them ordered,Strength and nature of ants,Cure for this injury,Morning,No,Ignore them,Bangla,Programming,Programming,Informative,Paper,Mindset to go to school,Fresh Mind,Sleeping,Browsing Internet,Yes,Yes,Yes,Yes,Yes,Yes,Yes,Yes,No,Yes,Yes,No,Yes,No,Yes,No,Yes,No,Yes,No,Engineer
"5/20/2023 11:56:35 PM +07:00",1,2,2,Not sure,No,No,Yes,Not sure,Yes,No,Just keep them in a pile,Strength and nature of ants,Cure for this injury,Morning,No,Make them quite,Drawing,Biology,Biology,Formal,Paper,Mindset to go to school,Healthy Body,Relaxing,Relaxing,Yes,Yes,Yes,Not sure,No,Yes,No,Yes,No,No,Yes,No,No,Yes,Yes,Yes,No,No,Not sure,Not sure,Doctor
"5/20/2023 11:56:35 PM +07:00",2,1,0,No,No,Yes,Yes,Yes,Yes,Yes,Just keep them in a pile,Count of ants,Cure for this injury,Morning,No,Ignore them,Mathematics,Chemistry,Programming,Formal,Paper,Mindset to go to school,Healthy Body,Relaxing,Playing,Yes,No,Yes,Yes,No,Not sure,Yes,Not sure,Yes,Yes,No,Yes,No,Yes,No,Yes,Not sure,Yes,Yes,Yes,Engineer
"5/20/2023 11:56:35 PM +07:00",2,1,2,Yes,No,Yes,Not sure,Yes,Yes,Yes,Ignore them,Strength and nature of ants,What was his mistake,Morning,No,Search for a pattern in the noise,Bangla,Programming,Biology,Funny,Paper,Mindset to go to school,Fresh Mind,Relaxing,Watching TV,Yes,Yes,Yes,Yes,Yes,No,Yes,Yes,Yes,Yes,Yes,Yes,Yes,No,Yes,Yes,Yes,No,Yes,Not sure,Engineer
"5/20/2023 11:56:35 PM +07:00",1,1,2,Not sure,No,No,Not sure,Yes,Not sure,No,Make them ordered,Strength and nature of ants,Cure for this injury,Night,No,Search for a pattern in the noise,Other,Physics,Programming,Informative,Font,Mindset to go to school,Healthy Body,Sleeping,Browsing Internet,Yes,No,No,Yes,Yes,No,No,Yes,No,No,Yes,No,Yes,Yes,No,Yes,Yes,No,Yes,Yes,Engineer
"5/20/2023 11:56:35 PM +07:00",2,1,2,Yes,No,No,Not sure,Not sure,Not sure,Yes,Ignore them,Count of ants,Cure for this injury,Night,No,Search for a pattern in the noise,Mathematics,Mathematics,Programming,Informative,Font,Mindset to go to school,Healthy Body,Sleeping,Other,Yes,Not sure,Not sure,Yes,No,No,Yes,No,Yes,Yes,No,Not sure,Yes,No,Yes,Not sure,No,Yes,No,No,Engineer
"5/20/2023 11:56:35 PM +07:00",1,2,1,Yes,No,Yes,Yes,No,Yes,No,Ignore them,Strength and nature of ants,How to prevent him from get injured in future,Morning,Yes,Ignore them,Sceince,Business Studies,Business Studies,Funny,Paper,Mindset to go to school,Fresh Mind,Eating,Playing,Yes,Yes,Not sure,Yes,Not sure,No,Yes,Yes,No,No,Yes,No,Yes,No,No,No,Yes,Yes,No,No,Business Related Profession
"5/20/2023 11:56:35 PM +07:00",0,1,1,Yes,Yes,Not sure,Yes,Yes,Yes,No,Make them ordered,Discipline of ants,Cure for this injury,Night,Yes,Ignore them,Mathematics,Physics,Programming,Funny,Paper,Mindset to go to school,Fresh Mind,Sleeping,Playing,Yes,Yes,Not sure,Yes,Yes,Yes,Yes,Yes,Yes,Yes,Yes,No,Yes,No,Yes,Yes,No,No,Not sure,Not sure,Engineer
"5/20/2023 11:56:35 PM +07:00",2,2,1,No,Yes,No,Yes,Not sure,No,Yes,Ignore them,Discipline of ants,Cure for this injury,Night,Yes,Search for a pattern in the noise,Drawing,Mathematics,Physics,Funny,Paper,Dressed up accordingly,Fresh Mind,Sleeping,Reading,Yes,Yes,Not sure,Yes,Yes,Yes,Yes,Yes,No,Yes,Yes,Not sure,Yes,Yes,Yes,No,Yes,Yes,Yes,Yes,Engineer
"5/20/2023 11:56:35 PM +07:00",1,1,2,Not sure,No,No,Not sure,Yes,Not sure,No,Make them ordered,Strength and nature of ants,Cure for this injury,Night,No,Search for a pattern in the noise,Other,Physics,Programming,Informative,Font,Mindset to go to school,Healthy Body,Sleeping,Browsing Internet,Yes,No,No,Yes,Yes,No,No,Yes,No,No,Yes,No,Yes,Yes,No,Yes,Yes,No,Yes,Yes,Engineer
"5/20/2023 11:56:35 PM +07:00",1,1,2,No,Not sure,Yes,Not sure,Yes,No,No,Just keep them in a pile,Strength and nature of ants,Cure for this injury,Night,No,Ignore them,Other,Physics,Programming,Funny,Paper,Mindset to go to school,Fresh Mind,Relaxing,Sleeping,Yes,Yes,Yes,Yes,No,No,No,No,Yes,Not sure,Yes,No,Not sure,Yes,Yes,No,No,No,No,Not sure,Engineer
"5/20/2023 11:56:35 PM +07:00",1,1,2,Not sure,No,No,Yes,Not sure,Yes,No,Just keep them in a pile,Strength and nature of ants,Cure for this injury,Morning,Not sure,Make them quite,Drawing,Biochemistry,Biology,Formal,Paper,Mindset to go to school,Healthy Body,Relaxing,Relaxing,Yes,Yes,Yes,No,No,Yes,No,Yes,No,No,Yes,No,No,Yes,Yes,Yes,No,No,Not sure,Not sure,Doctor
"5/20/2023 11:56:35 PM +07:00",2,2,2,No,Yes,Yes,No,Not sure,Yes,Yes,Make them ordered,Discipline of ants,How to prevent him from get injured in future,Morning,No,Make them quite,Sceince,Other,Programming,Funny,Font,Mindset to go to school,Healthy Body,Reading,Relaxing,Yes,Yes,Yes,Yes,No,Yes,Yes,Yes,No,No,Yes,Not sure,Yes,Not sure,Not sure,No,Yes,No,Yes,Yes,Engineer
"5/20/2023 11:56:35 PM +07:00",1,2,2,Not sure,No,No,Yes,Not sure,Yes,No,Just keep them in a pile,Strength and nature of ants,Cure for this injury,Morning,No,Make them quite,Drawing,Biochemistry,Biology,Formal,Paper,Mindset to go to school,Healthy Body,Relaxing,Relaxing,Yes,Yes,Yes,Not sure,No,No,No,Yes,No,No,Yes,No,Yes,Yes,Yes,Yes,No,No,Not sure,Not sure,Doctor
"5/20/2023 11:56:35 PM +07:00",1,2,2,Not sure,No,No,Yes,Yes,Yes,No,Just keep them in a pile,Strength and nature of ants,Cure for this injury,Morning,No,Make them quite,Drawing,Biochemistry,Biology,Formal,Paper,Dressed up accordingly,Healthy Body,Relaxing,Relaxing,Yes,Yes,Yes,Not sure,No,No,No,Yes,No,Yes,Yes,No,Yes,Yes,Yes,Yes,No,No,Not sure,Not sure,Doctor
"5/20/2023 11:56:35 PM +07:00",0,2,2,No,No,Yes,Not sure,Yes,No,Yes,Just keep them in a pile,Count of ants,How to prevent him from get injured in future,Morning,No,Ignore them,Bangla,Biology,Programming,Funny,Paper,Mindset to go to school,Healthy Body,Relaxing,Browsing Internet,Yes,No,Yes,Yes,Yes,Yes,No,Yes,No,No,Yes,Yes,Not sure,Yes,Yes,No,No,Not sure,No,Yes,Business Related Profession
"5/20/2023 11:56:35 PM +07:00",2,1,0,Yes,No,Yes,Yes,Yes,Yes,No,Just keep them in a pile,Strength and nature of ants,Cure for this injury,Night,Yes,Ignore them,Mathematics,Programming,Programming,Formal,Paper,Mindset to go to school,Healthy Brain,Sleeping,Reading,Yes,Yes,Yes,No,Yes,Yes,Yes,Yes,No,Yes,Yes,Yes,No,No,No,Yes,No,No,Yes,No,Business Related Profession
"5/20/2023 11:56:35 PM +07:00",1,2,2,Yes,Yes,Yes,Yes,Yes,Not sure,No,Ignore them,Strength and nature of ants,Cure for this injury,Night,No,Ignore them,Bangla,Business Studies,Mathematics,Formal,Paper,Mindset to go to school,Fresh Mind,Eating,Playing,Yes,Yes,Yes,Yes,Not sure,No,No,Yes,No,Yes,Yes,Yes,Yes,Yes,Not sure,No,Yes,Yes,Yes,Yes,Business Related Profession
"5/20/2023 11:56:35 PM +07:00",1,1,2,Not sure,No,Yes,Not sure,Yes,No,Yes,Just keep them in a pile,Strength and nature of ants,Cure for this injury,Night,Yes,Make them quite,Bangla,Other,Business Studies,Funny,Paper,Mindset to go to school,Healthy Body,Sleeping,Relaxing,Yes,Yes,No,Yes,No,No,Yes,Yes,No,Yes,Yes,No,Yes,No,Yes,No,Yes,Yes,Not sure,Yes,Engineer
"5/20/2023 11:56:35 PM +07:00",1,0,2,No,Yes,No,Not sure,Yes,Yes,Yes,Ignore them,Discipline of ants,Cure for this injury,Morning,Not sure,Ignore them,Mathematics,Programming,Biology,Funny,Paper,Mindset to go to school,Healthy Body,Relaxing,Relaxing,Yes,Not sure,Not sure,Yes,Yes,No,Yes,Not sure,No,No,Yes,Yes,No,Yes,No,Not sure,No,Yes,Yes,No,Engineer
"5/20/2023 11:56:35 PM +07:00",1,1,2,Not sure,No,No,Yes,Not sure,Yes,No,Just keep them in a pile,Strength and nature of ants,Cure for this injury,Morning,Not sure,Make them quite,Drawing,Biochemistry,Biology,Formal,Paper,Dressed up accordingly,Healthy Body,Relaxing,Relaxing,Yes,Yes,Yes,Not sure,No,Yes,No,Yes,No,No,Yes,No,No,Yes,Yes,Yes,No,No,Not sure,Not sure,Doctor
"5/20/2023 11:56:35 PM +07:00",1,1,2,Not sure,No,No,Yes,Yes,Yes,No,Just keep them in a pile,Strength and nature of ants,Cure for this injury,Morning,Not sure,Make them quite,Drawing,Biology,Biology,Formal,Paper,Mindset to go to school,Healthy Body,Relaxing,Relaxing,Yes,Yes,Yes,Not sure,No,No,No,Yes,No,Yes,Yes,No,Yes,Yes,Yes,Yes,No,No,Not sure,Not sure,Doctor
"5/20/2023 11:56:35 PM +07:00",1,0,2,Not sure,Yes,No,No,Not sure,No,No,Make them ordered,Discipline of ants,Cure for this injury,Morning,Yes,Make them quite,Other,Business Studies,Business Studies,Formal,Paper,Mindset to go to school,Healthy Body,Relaxing,Other,Yes,Yes,Yes,Yes,Yes,No,No,Yes,No,Yes,Yes,Yes,Yes,Not sure,No,Yes,Yes,Yes,Yes,No,Engineer
"5/20/2023 11:56:35 PM +07:00",1,2,2,Not sure,No,No,Yes,Not sure,Yes,No,Just keep them in a pile,Strength and nature of ants,Cure for this injury,Morning,Not sure,Make them quite,Drawing,Biochemistry,Biology,Formal,Paper,Mindset to go to school,Healthy Body,Relaxing,Relaxing,Yes,Yes,Yes,No,No,No,No,Yes,No,No,Yes,No,No,Yes,Yes,Yes,No,No,Not sure,Not sure,Doctor
"5/20/2023 11:56:35 PM +07:00",1,1,2,Not sure,No,No,Yes,Not sure,Yes,No,Just keep them in a pile,Strength and nature of ants,Cure for this injury,Morning,Not sure,Make them quite,Drawing,Biochemistry,Biology,Formal,Paper,Dressed up accordingly,Healthy Body,Relaxing,Relaxing,Yes,Yes,Yes,No,No,No,No,Yes,No,No,Yes,No,No,Yes,Yes,Yes,No,No,Not sure,Not sure,Doctor
"5/20/2023 11:56:35 PM +07:00",1,1,2,Not sure,No,No,Yes,Yes,Yes,No,Just keep them in a pile,Strength and nature of ants,Cure for this injury,Morning,No,Make them quite,Sceince,Biochemistry,Biology,Formal,Paper,Dressed up accordingly,Healthy Body,Relaxing,Relaxing,Yes,Yes,Yes,No,No,Yes,No,Yes,No,Yes,Yes,No,Yes,Yes,Yes,Yes,No,No,Not sure,Not sure,Doctor
"5/20/2023 11:56:35 PM +07:00",2,0,2,Yes,No,Yes,No,Yes,No,Yes,Ignore them,Strength and nature of ants,Cure for this injury,Night,Not sure,Ignore them,Bangla,Chemistry,Physics,Informative,Paper,Mindset to go to school,Fresh Mind,Sleeping,Browsing Internet,Yes,No,Yes,Yes,Yes,No,Yes,No,No,Yes,Yes,No,Yes,Yes,No,Yes,No,No,Yes,Not sure,Engineer
"5/20/2023 11:56:35 PM +07:00",2,1,1,No,Yes,No,Yes,Yes,Yes,Yes,Ignore them,Count of ants,Cure for this injury,Morning,Yes,Make them quite,Mathematics,Programming,Chemistry,Formal,Font,Mindset to go to school,Healthy Body,Eating,Browsing Internet,Yes,Yes,Not sure,Yes,Yes,No,No,No,No,No,Yes,Yes,Yes,No,No,Not sure,No,Yes,Yes,No,Engineer
"5/20/2023 11:56:35 PM +07:00",1,2,2,Yes,Yes,Yes,No,No,Yes,No,Make them ordered,Count of ants,Cure for this injury,Night,Yes,Ignore them,Sceince,Mathematics,Mathematics,Formal,Paper,Mindset to go to school,Fresh Mind,Eating,Browsing Internet,Yes,Yes,Not sure,Yes,Not sure,No,No,Yes,No,No,Yes,No,Yes,No,No,Yes,Yes,Yes,Yes,Yes,Business Related Profession
"5/20/2023 11:56:35 PM +07:00",1,2,2,Not sure,No,No,Yes,Yes,Yes,No,Just keep them in a pile,Strength and nature of ants,Cure for this injury,Morning,No,Make them quite,Sceince,Biochemistry,Biology,Formal,Paper,Mindset to go to school,Healthy Body,Relaxing,Relaxing,Yes,Yes,Yes,No,No,No,No,Yes,No,No,Yes,No,No,Yes,Yes,Yes,No,No,Not sure,Not sure,Doctor
"5/20/2023 11:56:35 PM +07:00",0,0,0,No,No,No,No,Yes,Not sure,Yes,Ignore them,Discipline of ants,What was his mistake,Night,No,Ignore them,Mathematics,Physics,Other,Informative,Font,Mindset to go to school,Fresh Mind,Reading,Sleeping,Yes,Yes,Yes,Yes,No,No,Yes,No,No,Yes,No,Yes,Yes,Yes,Yes,Yes,Yes,No,Yes,No,Engineer
"5/20/2023 11:56:35 PM +07:00",1,2,1,Yes,Yes,Yes,Yes,Yes,Not sure,No,Ignore them,Strength and nature of ants,How to prevent him from get injured in future,Morning,Yes,Ignore them,Bangla,Mathematics,Business Studies,Funny,Paper,Mindset to go to school,Fresh Mind,Eating,Browsing Internet,Yes,Yes,Yes,Yes,Not sure,No,Yes,Yes,No,No,Yes,Yes,Yes,No,Not sure,No,Yes,Yes,No,Yes,Business Related Profession
"5/20/2023 11:56:35 PM +07:00",2,0,2,Yes,No,Yes,No,Yes,No,Yes,Ignore them,Strength and nature of ants,Cure for this injury,Night,Not sure,Ignore them,Bangla,Chemistry,Physics,Informative,Paper,Mindset to go to school,Fresh Mind,Sleeping,Browsing Internet,Yes,No,Yes,Yes,Yes,No,Yes,No,No,Yes,Yes,No,Yes,Yes,No,Yes,No,No,Yes,Not sure,Engineer
"5/20/2023 11:56:35 PM +07:00",1,1,2,Not sure,No,No,Yes,Yes,Yes,No,Just keep them in a pile,Strength and nature of ants,Cure for this injury,Morning,Not sure,Make them quite,Sceince,Biochemistry,Biology,Formal,Paper,Dressed up accordingly,Healthy Body,Relaxing,Relaxing,Yes,Yes,Yes,No,No,No,No,Yes,No,Yes,Yes,No,Yes,Yes,Yes,Yes,No,No,Not sure,Not sure,Doctor
"5/20/2023 11:56:35 PM +07:00",1,0,2,Not sure,Yes,No,No,Not sure,No,No,Make them ordered,Discipline of ants,Cure for this injury,Morning,Yes,Make them quite,Other,Business Studies,Business Studies,Formal,Paper,Mindset to go to school,Healthy Body,Relaxing,Other,Yes,Yes,Yes,Yes,Yes,No,No,Yes,No,Yes,Yes,Yes,Yes,Not sure,No,Yes,Yes,Yes,Yes,No,Engineer
"5/20/2023 11:56:35 PM +07:00",0,2,2,Not sure,Yes,No,No,Not sure,Yes,No,Ignore them,Count of ants,Cure for this injury,Night,Yes,Ignore them,Sceince,Other,Programming,Funny,Paper,Mindset to go to school,Healthy Body,Eating,Playing,Yes,Yes,Yes,Yes,No,Yes,Yes,Yes,Yes,No,Yes,No,Yes,No,Yes,Yes,No,Not sure,Yes,Yes,Engineer
2020/11/17 10:58:21 PM GMT+7,1,0,2,No,Yes,Yes,No,Yes,No,Yes,Make them ordered,Discipline of ants,Cure for this injury,Night,Yes,Ignore them,Sceince,literature,Physics,Funny,Paper,Mindset to go to school,Healthy Body,Sleeping,Relaxing,Yes,Not sure,No,Yes,Yes,No,Yes,No,No,Yes,Yes,Yes,Yes,Yes,No,No,No,Yes,Yes,No,Engineer
"5/20/2023 11:56:35 PM +07:00",1,0,1,Not sure,No,Yes,Not sure,Not sure,Yes,No,Make them ordered,Discipline of ants,Cure for this injury,Night,No,Make them quite,Mathematics,Physics,Physics,Informative,Paper,Dressed up accordingly,Healthy Body,Sleeping,Relaxing,Yes,Yes,Yes,Yes,Yes,No,Yes,Yes,Yes,No,No,No,Not sure,Yes,No,Yes,Yes,Not sure,Yes,Yes,Engineer
"5/20/2023 11:56:35 PM +07:00",1,0,2,No,Yes,Yes,No,Yes,No,No,Make them ordered,Strength and nature of ants,How to prevent him from get injured in future,Morning,Not sure,Search for a pattern in the noise,Mathematics,Programming,Business Studies,Funny,Paper,Mindset to go to school,Fresh Mind,Eating,Playing,Yes,Yes,Yes,Yes,Yes,Yes,Yes,Yes,No,No,Yes,Not sure,Not sure,Not sure,Not sure,No,Yes,Yes,Not sure,Yes,Doctor
"5/20/2023 11:56:35 PM +07:00",1,1,2,Not sure,No,Yes,Yes,Yes,Not sure,Yes,Ignore them,Discipline of ants,Cure for this injury,Night,No,Ignore them,Bangla,Business Studies,Biology,Informative,Font,Dressed up accordingly,Healthy Body,Taking bath,Relaxing,Yes,Yes,Yes,Yes,Yes,Yes,Yes,Yes,No,Yes,No,Yes,Yes,No,Yes,Yes,No,Not sure,No,Yes,Engineer
2020/11/28 10:50:15 PM GMT+7,2,2,2,No,No,Yes,Yes,Yes,No,Yes,Make them ordered,Count of ants,What was his mistake,Morning,Yes,Ignore them,Bangla,Other,Programming,Informative,Paper,Mindset to go to school,Fresh Mind,Relaxing,Gossiping,Yes,Yes,Yes,Yes,Yes,Yes,Yes,Yes,Yes,Yes,No,Not sure,Yes,Yes,Yes,Not sure,Not sure,Not sure,Yes,Not sure,Engineer
2020/11/04 10:06:08 AM GMT+7,2,0,1,Yes,Yes,Yes,No,Yes,No,Yes,Just keep them in a pile,Strength and nature of ants,Cure for this injury,Night,No,Make them quite,Mathematics,Programming,Programming,Informative,Paper,Mindset to go to school,Fresh Mind,Relaxing,Playing,Yes,No,Yes,Yes,Yes,Yes,Yes,No,No,No,Not sure,Yes,Yes,No,No,No,Yes,Yes,No,No,Engineer
"5/20/2023 11:56:35 PM +07:00",1,2,1,Yes,No,Yes,Not sure,Not sure,Yes,No,Make them ordered,Discipline of ants,How to prevent him from get injured in future,Morning,Not sure,Ignore them,Religious Studies,Mathematics,Mathematics,Formal,Paper,Mindset to go to school,Healthy Brain,Reading,Watching TV,Yes,Yes,Yes,Yes,Not sure,No,Yes,Yes,No,Yes,Yes,Yes,Yes,No,No,No,Yes,Yes,Yes,No,Engineer
"5/20/2023 11:56:35 PM +07:00",2,1,1,No,No,No,No,Yes,Yes,No,Make them ordered,Strength and nature of ants,Cure for this injury,Morning,No,Make them quite,Other,Chemistry,Programming,Informative,Paper,Mindset to go to school,Fresh Mind,Sleeping,Relaxing,Yes,No,No,Yes,Yes,No,Yes,Yes,Yes,No,Yes,No,Yes,No,Not sure,No,No,Not sure,Yes,Yes,Engineer
"5/20/2023 11:56:35 PM +07:00",1,1,2,Not sure,No,No,Yes,Not sure,Yes,No,Just keep them in a pile,Strength and nature of ants,Cure for this injury,Morning,No,Make them quite,Sceince,Biology,Biology,Formal,Paper,Dressed up accordingly,Healthy Body,Relaxing,Relaxing,Yes,Yes,Yes,Not sure,No,Yes,No,Yes,No,No,Yes,No,Yes,Yes,Yes,Yes,No,No,Not sure,Not sure,Doctor
"5/20/2023 11:56:35 PM +07:00",1,1,1,No,No,Yes,No,Yes,Yes,Yes,Ignore them,Strength and nature of ants,Cure for this injury,Night,Not sure,Ignore them,Religious Studies,Other,Programming,Informative,Font,Mindset to go to school,Fresh Mind,Sleeping,Watching TV,Yes,Not sure,Yes,Not sure,Yes,No,No,Yes,Yes,No,Yes,No,Yes,No,Yes,No,No,Not sure,Not sure,No,Engineer
"5/20/2023 11:56:35 PM +07:00",1,1,2,No,No,Yes,Not sure,Yes,Yes,No,Make them ordered,Strength and nature of ants,Cure for this injury,Morning,Yes,Make them quite,English,Mathematics,Physics,Informative,Paper,Mindset to go to school,Fresh Mind,Relaxing,Sleeping,Yes,No,No,No,Yes,Yes,No,Yes,No,Yes,Yes,No,Yes,Yes,Yes,Yes,No,No,No,Not sure,Business Related Profession
"5/20/2023 11:56:35 PM +07:00",1,2,1,Yes,No,Yes,No,Yes,No,Yes,Ignore them,Strength and nature of ants,Cure for this injury,Night,No,Ignore them,Other,Chemistry,Mathematics,Informative,Paper,Mindset to go to school,Fresh Mind,Eating,Browsing Internet,Yes,Yes,No,Yes,Yes,Yes,Yes,Yes,Yes,Yes,No,No,Yes,No,No,No,Yes,No,Yes,Yes,Engineer
"5/20/2023 11:56:35 PM +07:00",2,1,0,No,No,Yes,Not sure,Yes,Yes,Yes,Make them ordered,Count of ants,Cure for this injury,Night,No,Ignore them,Sceince,Physics,Programming,Funny,Font,Mindset to go to school,Fresh Mind,Sleeping,Relaxing,Not sure,No,Yes,Yes,Not sure,No,Yes,Yes,Yes,No,Yes,No,No,No,No,Yes,Yes,Yes,Yes,Yes,Engineer
"5/20/2023 11:56:35 PM +07:00",1,2,2,Yes,Yes,Yes,Yes,Yes,Not sure,No,Make them ordered,Count of ants,Cure for this injury,Night,Yes,Ignore them,Sceince,Business Studies,Business Studies,Formal,Paper,Mindset to go to school,Healthy Brain,Eating,Browsing Internet,Yes,Yes,Not sure,Yes,Not sure,No,Yes,Yes,No,No,Yes,No,Yes,Yes,No,No,Yes,Yes,No,Yes,Business Related Profession
"5/20/2023 11:56:35 PM +07:00",1,1,2,Yes,Yes,No,No,Yes,Yes,Yes,Just keep them in a pile,Strength and nature of ants,Cure for this injury,Afternoon,No,Ignore them,Bangla,Other,Programming,Funny,Paper,Mindset to go to school,Healthy Brain,Relaxing,Playing,Yes,Yes,No,Yes,No,No,Yes,Yes,Yes,Yes,No,Yes,Yes,No,No,No,No,Yes,Yes,Not sure,Engineer
"5/20/2023 11:56:35 PM +07:00",1,1,1,Not sure,No,Yes,Yes,Yes,Yes,Yes,Make them ordered,Discipline of ants,Cure for this injury,Night,Yes,Make them quite,Mathematics,Other,Physics,Informative,Font,Mindset to go to school,Healthy Body,Sleeping,Relaxing,Yes,Yes,No,Not sure,Yes,Yes,Yes,No,No,No,Yes,No,Yes,Not sure,Yes,Yes,Yes,No,Yes,Not sure,Engineer
"5/20/2023 11:56:35 PM +07:00",1,1,2,Not sure,No,No,Yes,Yes,Yes,No,Just keep them in a pile,Strength and nature of ants,Cure for this injury,Morning,No,Make them quite,Drawing,Biology,Biology,Formal,Paper,Mindset to go to school,Healthy Body,Relaxing,Relaxing,Yes,Yes,Yes,No,No,Yes,No,Yes,No,No,Yes,No,No,Yes,Yes,Yes,No,No,Not sure,Not sure,Doctor
"5/20/2023 11:56:35 PM +07:00",1,2,2,Not sure,No,No,Yes,Not sure,No,Yes,Make them ordered,Strength and nature of ants,Cure for this injury,Morning,No,Make them quite,Mathematics,Other,Programming,Informative,Paper,Mindset to go to school,Healthy Brain,Sleeping,Playing,Yes,Yes,Not sure,Yes,Not sure,No,No,Not sure,Yes,Yes,Yes,Yes,Not sure,Yes,Not sure,No,Yes,No,Yes,Yes,Doctor
"5/20/2023 11:56:35 PM +07:00",2,1,2,No,Yes,No,Yes,Yes,No,Yes,Make them ordered,Count of ants,Cure for this injury,Night,No,Ignore them,Bangla,Chemistry,Physics,Funny,Color,Mindset to go to school,Healthy Body,Relaxing,Watching TV,Yes,Yes,No,Not sure,Yes,Yes,Yes,No,No,No,Yes,No,Yes,Not sure,Yes,No,Yes,Yes,Yes,Not sure,Engineer
"5/20/2023 11:56:35 PM +07:00",1,2,2,Yes,Yes,Yes,No,No,Not sure,No,Make them ordered,Strength and nature of ants,Cure for this injury,Night,Yes,Ignore them,Bangla,Business Studies,Mathematics,Formal,Paper,Mindset to go to school,Healthy Brain,Eating,Playing,Yes,Yes,Yes,Yes,Not sure,No,Yes,Yes,No,Yes,Yes,No,Yes,Yes,Not sure,No,Yes,Yes,Yes,Yes,Business Related Profession
"5/20/2023 11:56:35 PM +07:00",1,2,0,No,No,No,No,Yes,Yes,Yes,Make them ordered,Strength and nature of ants,Cure for this injury,Morning,No,Ignore them,Sceince,Business Studies,Other,Informative,Paper,Mindset to go to school,Healthy Body,Sleeping,Reading,Yes,No,Not sure,Yes,No,Yes,Yes,No,Yes,No,Yes,No,Yes,No,Yes,No,Yes,Yes,Yes,Yes,Engineer
"5/20/2023 11:56:35 PM +07:00",2,2,2,No,No,No,No,Yes,Yes,Yes,Just keep them in a pile,Strength and nature of ants,How to prevent him from get injured in future,Night,No,Ignore them,Religious Studies,literature,Physics,Funny,Paper,Mindset to go to school,Fresh Mind,Eating,Sleeping,Yes,No,Yes,Yes,Yes,Yes,Yes,Yes,Yes,Yes,No,Yes,No,Yes,Yes,No,No,No,No,No,Engineer
"5/20/2023 11:56:35 PM +07:00",2,1,2,Not sure,No,Yes,No,Yes,Yes,No,Just keep them in a pile,Discipline of ants,Cure for this injury,Night,Not sure,Ignore them,Drawing,Mathematics,Programming,Funny,Paper,Mindset to go to school,Healthy Body,Taking bath,Browsing Internet,Yes,Yes,Yes,No,Not sure,Yes,Yes,Yes,Yes,Yes,Yes,No,Yes,No,No,Not sure,Yes,No,Yes,No,Engineer
"5/20/2023 11:56:35 PM +07:00",1,2,2,Yes,Yes,Yes,Yes,Yes,Not sure,No,Make them ordered,Strength and nature of ants,Cure for this injury,Morning,Yes,Ignore them,Bangla,Mathematics,Mathematics,Formal,Paper,Mindset to go to school,Healthy Brain,Eating,Playing,Yes,Yes,Not sure,Yes,Not sure,No,Yes,Yes,No,No,Yes,Yes,Yes,No,No,Yes,Yes,Yes,Yes,Yes,Business Related Profession
"5/20/2023 11:56:35 PM +07:00",1,1,2,Not sure,No,No,Yes,Yes,Yes,No,Just keep them in a pile,Strength and nature of ants,Cure for this injury,Morning,No,Make them quite,Sceince,Biochemistry,Biology,Formal,Paper,Dressed up accordingly,Healthy Body,Relaxing,Relaxing,Yes,Yes,Yes,No,No,Yes,No,Yes,No,Yes,Yes,No,Yes,Yes,Yes,Yes,No,No,Not sure,Not sure,Doctor
"5/20/2023 11:56:35 PM +07:00",1,2,2,Not sure,No,No,Yes,Yes,Yes,No,Just keep them in a pile,Strength and nature of ants,Cure for this injury,Morning,Not sure,Make them quite,Sceince,Biology,Biology,Formal,Paper,Dressed up accordingly,Healthy Body,Relaxing,Relaxing,Yes,Yes,Yes,No,No,Yes,No,Yes,No,Yes,Yes,No,Yes,Yes,Yes,Yes,No,No,Not sure,Not sure,Doctor
"5/20/2023 11:56:35 PM +07:00",1,1,2,Not sure,No,No,Yes,Not sure,Yes,No,Just keep them in a pile,Strength and nature of ants,Cure for this injury,Morning,Not sure,Make them quite,Sceince,Biochemistry,Biology,Formal,Paper,Mindset to go to school,Healthy Body,Relaxing,Relaxing,Yes,Yes,Yes,Not sure,No,No,No,Yes,No,Yes,Yes,No,No,Yes,Yes,Yes,No,No,Not sure,Not sure,Doctor
"5/20/2023 11:56:35 PM +07:00",1,1,2,No,Not sure,Yes,Not sure,Yes,No,No,Just keep them in a pile,Strength and nature of ants,Cure for this injury,Night,No,Ignore them,Other,Physics,Programming,Funny,Paper,Mindset to go to school,Fresh Mind,Relaxing,Sleeping,Yes,Yes,Yes,Yes,No,No,No,No,Yes,Not sure,Yes,No,Not sure,Yes,Yes,No,No,No,No,Not sure,Engineer
"5/20/2023 11:56:35 PM +07:00",2,2,2,No,Yes,No,Yes,Yes,Yes,Yes,Make them ordered,Discipline of ants,Cure for this injury,Morning,Yes,Search for a pattern in the noise,Mathematics,Mathematics,Physics,Informative,Paper,Dressed up accordingly,Healthy Brain,Sleeping,Sleeping,Yes,No,Yes,Yes,Yes,Yes,Yes,Yes,No,No,Yes,Yes,Yes,Yes,Yes,No,No,Not sure,Yes,Not sure,Engineer
"5/20/2023 11:56:35 PM +07:00",1,2,2,Yes,No,Yes,No,No,Not sure,No,Make them ordered,Count of ants,How to prevent him from get injured in future,Morning,No,Ignore them,Sceince,Business Studies,Mathematics,Formal,Paper,Mindset to go to school,Healthy Brain,Eating,Browsing Internet,Yes,Yes,Not sure,Yes,Not sure,No,No,Yes,No,Yes,Yes,No,Yes,Yes,Not sure,Yes,Yes,Yes,No,Yes,Business Related Profession
"5/20/2023 11:56:35 PM +07:00",1,2,2,Yes,Yes,Yes,Yes,No,Not sure,No,Make them ordered,Count of ants,How to prevent him from get injured in future,Night,Yes,Ignore them,Bangla,Business Studies,Mathematics,Formal,Paper,Mindset to go to school,Fresh Mind,Eating,Browsing Internet,Yes,Yes,Not sure,Yes,Not sure,No,Yes,Yes,No,Yes,Yes,No,Yes,Yes,No,Yes,Yes,Yes,Yes,No,Business Related Profession
"5/20/2023 11:56:35 PM +07:00",2,0,2,Yes,Yes,Yes,Not sure,Not sure,No,Yes,Just keep them in a pile,Discipline of ants,Cure for this injury,Morning,Yes,Make them quite,Mathematics,Mathematics,Biology,Funny,Color,Mindset to go to school,Healthy Body,Eating,Watching TV,Not sure,Yes,No,Yes,Yes,Yes,Yes,No,No,Yes,Yes,No,No,No,Yes,No,Yes,Not sure,Yes,No,Engineer
"5/20/2023 11:56:35 PM +07:00",2,1,2,Yes,No,Yes,No,Yes,Not sure,Yes,Ignore them,Discipline of ants,How to prevent him from get injured in future,Night,No,Make them quite,Sceince,Programming,Mathematics,Informative,Paper,Mindset to go to school,Fresh Mind,Eating,Relaxing,Yes,No,Yes,Yes,No,No,No,Yes,No,Yes,Yes,Yes,Not sure,Yes,No,Yes,No,Yes,No,Yes,Business Related Profession
"5/20/2023 11:56:35 PM +07:00",1,0,1,Yes,No,No,Not sure,Yes,No,Yes,Ignore them,Count of ants,Cure for this injury,Night,No,Ignore them,Other,Programming,Mathematics,Informative,Paper,Mindset to go to school,Healthy Body,Sleeping,Reading,Yes,No,Yes,Yes,Not sure,No,Yes,Yes,No,Yes,Yes,Not sure,Yes,No,Yes,No,No,No,No,Not sure,Engineer
"5/20/2023 11:56:35 PM +07:00",2,0,2,No,No,Yes,Not sure,Yes,Yes,Yes,Ignore them,Discipline of ants,Cure for this injury,Night,Yes,Search for a pattern in the noise,Sceince,literature,Other,Funny,Paper,Dressed up accordingly,Fresh Mind,Sleeping,Reading,Yes,Yes,No,Yes,No,Yes,No,Yes,Yes,Yes,Yes,Yes,Yes,Yes,Not sure,Yes,Yes,Yes,Yes,Not sure,Engineer
"5/20/2023 11:56:35 PM +07:00",0,2,2,Not sure,Yes,No,Yes,Yes,Yes,Yes,Ignore them,Discipline of ants,Cure for this injury,Night,No,Ignore them,Bangla,literature,Chemistry,Informative,Font,Mindset to go to school,Fresh Mind,Eating,Playing,Not sure,Yes,Yes,Yes,Yes,Yes,No,Yes,No,No,No,No,Yes,Yes,No,Not sure,No,No,Yes,Yes,Engineer
"5/20/2023 11:56:35 PM +07:00",1,1,2,Not sure,No,Yes,Yes,Yes,Yes,Yes,Ignore them,Strength and nature of ants,How to prevent him from get injured in future,Morning,No,Search for a pattern in the noise,Sceince,Chemistry,Programming,Informative,Paper,Mindset to go to school,Healthy Body,Sleeping,Playing,Yes,No,Yes,Not sure,Yes,No,Yes,Yes,Yes,No,No,Yes,No,Yes,Yes,No,Yes,No,No,No,Engineer
"5/20/2023 11:56:35 PM +07:00",1,2,2,Not sure,No,No,Yes,Yes,Yes,No,Just keep them in a pile,Strength and nature of ants,Cure for this injury,Morning,No,Make them quite,Sceince,Biology,Biology,Formal,Paper,Mindset to go to school,Healthy Body,Relaxing,Relaxing,Yes,Yes,Yes,No,No,No,No,Yes,No,Yes,Yes,No,No,Yes,Yes,Yes,No,No,Not sure,Not sure,Doctor
2020/11/17 10:58:21 PM GMT+7,1,0,2,No,Yes,Yes,No,Yes,No,Yes,Make them ordered,Discipline of ants,Cure for this injury,Night,Yes,Ignore them,Sceince,literature,Physics,Funny,Paper,Mindset to go to school,Healthy Body,Sleeping,Relaxing,Yes,Not sure,No,Yes,Yes,No,Yes,No,No,Yes,Yes,Yes,Yes,Yes,No,No,No,Yes,Yes,No,Engineer
"5/20/2023 11:56:35 PM +07:00",1,2,2,Yes,No,Yes,No,Yes,Yes,No,Make them ordered,Count of ants,Cure for this injury,Morning,Yes,Ignore them,Sceince,Business Studies,Business Studies,Funny,Paper,Mindset to go to school,Healthy Brain,Eating,Playing,Yes,Yes,Yes,Yes,Not sure,No,No,Yes,No,Yes,Yes,Yes,Yes,No,Not sure,Yes,Yes,Yes,No,No,Business Related Profession
"5/20/2023 11:56:35 PM +07:00",1,1,2,Not sure,No,No,Yes,Not sure,Yes,No,Just keep them in a pile,Strength and nature of ants,Cure for this injury,Morning,Not sure,Make them quite,Drawing,Biochemistry,Biology,Formal,Paper,Dressed up accordingly,Healthy Body,Relaxing,Relaxing,Yes,Yes,Yes,No,No,Yes,No,Yes,No,No,Yes,No,Yes,Yes,Yes,Yes,No,No,Not sure,Not sure,Doctor
"5/20/2023 11:56:35 PM +07:00",0,2,1,Yes,No,No,No,Not sure,No,No,Ignore them,Strength and nature of ants,Cure for this injury,Night,No,Ignore them,Mathematics,Business Studies,Programming,Funny,Paper,Mindset to go to school,Healthy Body,Relaxing,Relaxing,Not sure,No,Yes,Yes,No,Not sure,No,No,No,Yes,Yes,No,Yes,Not sure,Yes,No,No,No,Yes,Yes,Engineer
"5/20/2023 11:56:35 PM +07:00",1,2,2,Not sure,No,No,Yes,Not sure,Yes,No,Just keep them in a pile,Strength and nature of ants,Cure for this injury,Morning,No,Make them quite,Drawing,Biology,Biology,Formal,Paper,Dressed up accordingly,Healthy Body,Relaxing,Relaxing,Yes,Yes,Yes,Not sure,No,Yes,No,Yes,No,No,Yes,No,No,Yes,Yes,Yes,No,No,Not sure,Not sure,Doctor
"5/20/2023 11:56:35 PM +07:00",1,2,2,Not sure,No,No,Yes,No,Yes,Yes,Just keep them in a pile,Count of ants,Cure for this injury,Morning,No,Ignore them,Bangla,Chemistry,Programming,Funny,Paper,Mindset to go to school,Fresh Mind,Sleeping,Browsing Internet,Yes,Yes,Yes,Yes,Yes,Yes,No,Yes,No,No,Not sure,No,Not sure,Yes,Yes,Yes,Yes,Not sure,Yes,No,Doctor
"5/20/2023 11:56:35 PM +07:00",1,1,2,Not sure,No,No,Yes,Yes,Yes,No,Just keep them in a pile,Strength and nature of ants,Cure for this injury,Morning,Not sure,Make them quite,Drawing,Biochemistry,Biology,Formal,Paper,Mindset to go to school,Healthy Body,Relaxing,Relaxing,Yes,Yes,Yes,No,No,No,No,Yes,No,Yes,Yes,No,Yes,Yes,Yes,Yes,No,No,Not sure,Not sure,Doctor
"5/20/2023 11:56:35 PM +07:00",1,1,2,No,Yes,Yes,Yes,Yes,Yes,Yes,Make them ordered,Discipline of ants,Cure for this injury,Night,No,Make them quite,Other,Mathematics,Programming,Funny,Paper,Mindset to go to school,Healthy Body,Eating,Reading,Yes,No,No,Yes,Yes,No,Yes,No,Yes,No,Yes,No,Yes,No,Yes,No,No,Not sure,No,No,Engineer
"5/20/2023 11:56:35 PM +07:00",1,1,2,Not sure,No,No,Yes,Not sure,Yes,No,Just keep them in a pile,Strength and nature of ants,Cure for this injury,Morning,No,Make them quite,Drawing,Biochemistry,Biology,Formal,Paper,Dressed up accordingly,Healthy Body,Relaxing,Relaxing,Yes,Yes,Yes,Not sure,No,No,No,Yes,No,No,Yes,No,No,Yes,Yes,Yes,No,No,Not sure,Not sure,Doctor
"5/20/2023 11:56:35 PM +07:00",1,1,2,Not sure,No,No,Yes,Not sure,Yes,No,Just keep them in a pile,Strength and nature of ants,Cure for this injury,Morning,No,Make them quite,Drawing,Biochemistry,Biology,Formal,Paper,Mindset to go to school,Healthy Body,Relaxing,Relaxing,Yes,Yes,Yes,Not sure,No,Yes,No,Yes,No,No,Yes,No,No,Yes,Yes,Yes,No,No,Not sure,Not sure,Doctor
"5/20/2023 11:56:35 PM +07:00",2,1,1,Not sure,No,Yes,Not sure,Yes,No,Yes,Make them ordered,Strength and nature of ants,Cure for this injury,Night,Not sure,Ignore them,Mathematics,Chemistry,Programming,Informative,Font,Dressed up accordingly,Healthy Body,Eating,Reading,Yes,Yes,Yes,Yes,Yes,Yes,Yes,No,Yes,Yes,Yes,Yes,Yes,No,Yes,No,No,No,Yes,No,Business Related Profession
"5/20/2023 11:56:35 PM +07:00",1,1,1,No,Yes,Yes,Not sure,Yes,No,No,Make them ordered,Discipline of ants,Cure for this injury,Night,Not sure,Ignore them,Sceince,Mathematics,Mathematics,Formal,Paper,Mindset to go to school,Healthy Body,Eating,Playing,Yes,No,Not sure,Yes,Not sure,No,Yes,Yes,No,Yes,No,No,Yes,No,No,No,Yes,Yes,Yes,No,Engineer
"5/20/2023 11:56:35 PM +07:00",1,2,1,Yes,Yes,Yes,Yes,Yes,Yes,No,Make them ordered,Count of ants,How to prevent him from get injured in future,Night,No,Ignore them,Bangla,Business Studies,Business Studies,Formal,Paper,Mindset to go to school,Fresh Mind,Eating,Playing,Yes,Yes,Yes,Yes,Not sure,No,No,Yes,No,Yes,Yes,No,Yes,No,Not sure,No,Yes,Yes,No,No,Business Related Profession
"5/20/2023 11:56:35 PM +07:00",2,0,1,Yes,No,Yes,No,Yes,No,Yes,Just keep them in a pile,Count of ants,Cure for this injury,Morning,Yes,Ignore them,Mathematics,Chemistry,Programming,Informative,Paper,Mindset to go to school,Fresh Mind,Reading,Playing,Yes,Yes,Yes,Not sure,Not sure,Yes,Yes,Yes,No,No,Yes,Not sure,Not sure,Yes,No,Yes,Yes,Yes,Yes,No,Engineer
"5/20/2023 11:56:35 PM +07:00",0,1,1,Yes,No,No,Yes,Yes,Yes,Yes,Make them ordered,Count of ants,Cure for this injury,Afternoon,No,Search for a pattern in the noise,Mathematics,Other,Biology,Funny,Font,Mindset to go to school,Healthy Body,Sleeping,Other,Not sure,No,Yes,Yes,Yes,Yes,Yes,No,Yes,Yes,No,Yes,No,Not sure,Yes,Yes,No,Yes,Yes,Yes,Engineer
"5/20/2023 11:56:35 PM +07:00",1,0,2,Yes,No,No,Not sure,Yes,No,Yes,Make them ordered,Strength and nature of ants,Cure for this injury,Night,No,Ignore them,Mathematics,Programming,Programming,Informative,Font,Mindset to go to school,Healthy Body,Relaxing,Reading,Yes,Yes,Yes,No,No,Yes,Yes,No,Yes,Yes,Not sure,No,Yes,No,No,No,No,No,Yes,Not sure,Engineer
"5/20/2023 11:56:35 PM +07:00",2,1,1,No,No,No,Not sure,Yes,No,Yes,Just keep them in a pile,Discipline of ants,How to prevent him from get injured in future,Night,No,Ignore them,Bangla,Biology,literature,Informative,Color,Mindset to go to school,Healthy Body,Sleeping,Gossiping,No,No,Yes,Yes,Yes,Yes,Yes,No,No,Yes,Yes,No,Yes,No,No,Yes,Yes,No,Not sure,No,Engineer
"5/20/2023 11:56:35 PM +07:00",1,1,2,No,No,Yes,Yes,Not sure,Yes,Yes,Make them ordered,Discipline of ants,Cure for this injury,Morning,Yes,Ignore them,Other,Mathematics,Programming,Formal,Font,Mindset to go to school,Fresh Mind,Relaxing,Playing,Yes,No,No,Not sure,Yes,Yes,Yes,Yes,Yes,No,No,Yes,Yes,No,No,Yes,Yes,Not sure,Yes,Not sure,Business Related Profession
"5/20/2023 11:56:35 PM +07:00",1,1,2,Not sure,No,Yes,No,Yes,Yes,Yes,Make them ordered,Count of ants,Cure for this injury,Morning,Not sure,Make them quite,Sceince,literature,Business Studies,Funny,Color,Mindset to go to school,Healthy Body,Sleeping,Browsing Internet,Yes,Yes,Yes,Not sure,Not sure,Yes,No,Yes,Yes,Yes,No,No,Yes,No,No,No,Yes,Yes,Yes,Yes,Engineer
"5/20/2023 11:56:35 PM +07:00",2,0,2,Yes,No,Yes,Not sure,Yes,Yes,Yes,Ignore them,Strength and nature of ants,Cure for this injury,Afternoon,Not sure,Ignore them,Mathematics,Geography,Physics,Funny,Color,Mindset to go to school,Fresh Mind,Eating,Playing,Not sure,No,Yes,Yes,Not sure,No,Yes,No,No,Yes,Yes,Yes,Yes,Not sure,Yes,No,No,Yes,Yes,No,Engineer
"5/20/2023 11:56:35 PM +07:00",1,1,2,Not sure,No,No,Yes,Not sure,Yes,No,Just keep them in a pile,Strength and nature of ants,Cure for this injury,Morning,No,Make them quite,Drawing,Biology,Biology,Formal,Paper,Dressed up accordingly,Healthy Body,Relaxing,Relaxing,Yes,Yes,Yes,Not sure,No,Yes,No,Yes,No,Yes,Yes,No,Yes,Yes,Yes,Yes,No,No,Not sure,Not sure,Doctor
"5/20/2023 11:56:35 PM +07:00",2,0,1,No,Yes,Yes,No,Yes,No,Yes,Just keep them in a pile,Discipline of ants,Cure for this injury,Morning,Yes,Ignore them,Other,Other,Chemistry,Informative,Paper,Dressed up accordingly,Fresh Mind,Taking bath,Relaxing,Yes,Yes,No,No,Yes,Not sure,No,Yes,No,No,Yes,Not sure,Yes,Yes,Yes,No,No,No,Yes,Yes,Engineer
"5/20/2023 11:56:35 PM +07:00",2,1,2,Yes,No,Yes,Not sure,Yes,Yes,Yes,Ignore them,Strength and nature of ants,What was his mistake,Morning,No,Search for a pattern in the noise,Bangla,Programming,Biology,Funny,Paper,Mindset to go to school,Fresh Mind,Relaxing,Watching TV,Yes,Yes,Yes,Yes,Yes,No,Yes,Yes,Yes,Yes,Yes,Yes,Yes,No,Yes,Yes,Yes,No,Yes,Not sure,Engineer
"5/20/2023 11:56:35 PM +07:00",1,2,2,Yes,No,Yes,Yes,No,Yes,No,Make them ordered,Strength and nature of ants,Cure for this injury,Morning,No,Ignore them,Bangla,Mathematics,Mathematics,Formal,Paper,Mindset to go to school,Fresh Mind,Eating,Browsing Internet,Yes,Yes,Not sure,Yes,Not sure,No,No,Yes,No,Yes,Yes,Yes,Yes,No,Not sure,No,Yes,Yes,Yes,Yes,Business Related Profession
"5/20/2023 11:56:35 PM +07:00",1,2,2,Not sure,No,No,Yes,Yes,Yes,No,Just keep them in a pile,Strength and nature of ants,Cure for this injury,Morning,Not sure,Make them quite,Drawing,Biology,Biology,Formal,Paper,Mindset to go to school,Healthy Body,Relaxing,Relaxing,Yes,Yes,Yes,Not sure,No,No,No,Yes,No,No,Yes,No,Yes,Yes,Yes,Yes,No,No,Not sure,Not sure,Doctor
"5/20/2023 11:56:35 PM +07:00",0,1,2,Yes,Yes,Yes,Yes,Yes,No,No,Make them ordered,Strength and nature of ants,How to prevent him from get injured in future,Afternoon,No,Ignore them,Drawing,Programming,Programming,Formal,Paper,Dressed up accordingly,Fresh Mind,Eating,Playing,Yes,Yes,Yes,Yes,Not sure,No,No,No,Yes,Yes,No,Not sure,Yes,No,Yes,Yes,Yes,Yes,Not sure,Not sure,Business Related Profession
"5/20/2023 11:56:35 PM +07:00",2,2,1,Yes,No,Yes,Not sure,Yes,No,Not sure,Just keep them in a pile,Count of ants,Cure for this injury,Morning,No,Ignore them,Mathematics,Chemistry,Programming,Funny,Paper,Mindset to go to school,Fresh Mind,Eating,Reading,Yes,Yes,Yes,Yes,Yes,Yes,No,Yes,Yes,No,No,No,Yes,No,Yes,Yes,No,Yes,Yes,No,Business Related Profession
"5/20/2023 11:56:35 PM +07:00",1,2,1,Yes,No,Yes,Yes,No,Yes,No,Ignore them,Count of ants,How to prevent him from get injured in future,Morning,Yes,Ignore them,Sceince,Business Studies,Mathematics,Funny,Paper,Mindset to go to school,Healthy Brain,Eating,Browsing Internet,Yes,Yes,Not sure,Yes,Not sure,No,Yes,Yes,No,No,Yes,No,Yes,No,Not sure,Yes,Yes,Yes,Yes,Yes,Business Related Profession
"5/20/2023 11:56:35 PM +07:00",1,2,2,Not sure,No,No,Yes,Yes,Yes,No,Just keep them in a pile,Strength and nature of ants,Cure for this injury,Morning,No,Make them quite,Drawing,Biochemistry,Biology,Formal,Paper,Dressed up accordingly,Healthy Body,Relaxing,Relaxing,Yes,Yes,Yes,No,No,No,No,Yes,No,Yes,Yes,No,No,Yes,Yes,Yes,No,No,Not sure,Not sure,Doctor
"5/20/2023 11:56:35 PM +07:00",1,1,2,Not sure,No,No,Yes,Yes,Yes,No,Just keep them in a pile,Strength and nature of ants,Cure for this injury,Morning,Not sure,Make them quite,Drawing,Biochemistry,Biology,Formal,Paper,Mindset to go to school,Healthy Body,Relaxing,Relaxing,Yes,Yes,Yes,No,No,Yes,No,Yes,No,No,Yes,No,Yes,Yes,Yes,Yes,No,No,Not sure,Not sure,Doctor
"5/20/2023 11:56:35 PM +07:00",1,2,2,Not sure,No,No,Yes,Yes,Yes,No,Just keep them in a pile,Strength and nature of ants,Cure for this injury,Morning,Not sure,Make them quite,Sceince,Biochemistry,Biology,Formal,Paper,Dressed up accordingly,Healthy Body,Relaxing,Relaxing,Yes,Yes,Yes,No,No,No,No,Yes,No,No,Yes,No,No,Yes,Yes,Yes,No,No,Not sure,Not sure,Doctor
"5/20/2023 11:56:35 PM +07:00",2,1,2,No,Yes,No,Not sure,Not sure,Yes,Yes,Make them ordered,Strength and nature of ants,Cure for this injury,Night,No,Make them quite,Other,Physics,Programming,Funny,Font,Mindset to go to school,Fresh Mind,Sleeping,Relaxing,Yes,No,Yes,Not sure,Yes,Yes,No,No,Yes,Yes,Yes,No,Yes,Yes,No,No,No,Not sure,Yes,Yes,Engineer
"5/20/2023 11:56:35 PM +07:00",1,2,2,Not sure,No,No,Yes,Yes,Yes,No,Just keep them in a pile,Strength and nature of ants,Cure for this injury,Morning,Not sure,Make them quite,Sceince,Biochemistry,Biology,Formal,Paper,Mindset to go to school,Healthy Body,Relaxing,Relaxing,Yes,Yes,Yes,No,No,Yes,No,Yes,No,Yes,Yes,No,Yes,Yes,Yes,Yes,No,No,Not sure,Not sure,Doctor
"5/20/2023 11:56:35 PM +07:00",1,1,2,Not sure,No,No,Yes,Not sure,Yes,No,Just keep them in a pile,Strength and nature of ants,Cure for this injury,Morning,Not sure,Make them quite,Sceince,Biology,Biology,Formal,Paper,Dressed up accordingly,Healthy Body,Relaxing,Relaxing,Yes,Yes,Yes,No,No,No,No,Yes,No,Yes,Yes,No,No,Yes,Yes,Yes,No,No,Not sure,Not sure,Doctor
"5/20/2023 11:56:35 PM +07:00",1,1,2,Not sure,No,No,Yes,Not sure,Yes,No,Just keep them in a pile,Strength and nature of ants,Cure for this injury,Morning,Not sure,Make them quite,Sceince,Biology,Biology,Formal,Paper,Dressed up accordingly,Healthy Body,Relaxing,Relaxing,Yes,Yes,Yes,No,No,Yes,No,Yes,No,No,Yes,No,Yes,Yes,Yes,Yes,No,No,Not sure,Not sure,Doctor
"5/20/2023 11:56:35 PM +07:00",1,2,2,Yes,Yes,No,Yes,Not sure,Yes,Yes,Make them ordered,Discipline of ants,How to prevent him from get injured in future,Morning,No,Ignore them,Sceince,Programming,Physics,Informative,Paper,Mindset to go to school,Healthy Body,Eating,Browsing Internet,Yes,No,Yes,Yes,No,Yes,No,Yes,No,Yes,Yes,No,Yes,No,Yes,No,Yes,Not sure,Yes,No,Engineer
"5/20/2023 11:56:35 PM +07:00",2,2,2,Not sure,No,Yes,No,Yes,Yes,Yes,Just keep them in a pile,Strength and nature of ants,How to prevent him from get injured in future,Night,No,Ignore them,Sceince,Biology,Chemistry,Funny,Color,Mindset to go to school,Healthy Body,Eating,Relaxing,Yes,No,Not sure,Yes,Yes,Yes,Yes,No,Yes,Yes,Yes,No,Yes,No,No,Yes,Yes,No,Yes,No,Engineer
"5/20/2023 11:56:35 PM +07:00",1,2,2,Not sure,No,No,Yes,Yes,Yes,No,Just keep them in a pile,Strength and nature of ants,Cure for this injury,Morning,No,Make them quite,Drawing,Biochemistry,Biology,Formal,Paper,Dressed up accordingly,Healthy Body,Relaxing,Relaxing,Yes,Yes,Yes,Not sure,No,No,No,Yes,No,Yes,Yes,No,Yes,Yes,Yes,Yes,No,No,Not sure,Not sure,Doctor
"5/20/2023 11:56:35 PM +07:00",1,1,1,Yes,Yes,Yes,Yes,No,No,Yes,Make them ordered,Count of ants,Cure for this injury,Night,Not sure,Ignore them,Drawing,Physics,Programming,Formal,Paper,Mindset to go to school,Healthy Brain,Sleeping,Relaxing,Yes,Yes,Not sure,Yes,Yes,No,Yes,Yes,No,No,Yes,Yes,Yes,Yes,Yes,No,Yes,Yes,No,No,Engineer
"5/20/2023 11:56:35 PM +07:00",1,1,2,Not sure,No,No,Yes,Not sure,Yes,No,Just keep them in a pile,Strength and nature of ants,Cure for this injury,Morning,No,Make them quite,Sceince,Biology,Biology,Formal,Paper,Dressed up accordingly,Healthy Body,Relaxing,Relaxing,Yes,Yes,Yes,Not sure,No,Yes,No,Yes,No,No,Yes,No,Yes,Yes,Yes,Yes,No,No,Not sure,Not sure,Doctor
"5/20/2023 11:56:35 PM +07:00",1,0,2,No,No,Yes,Yes,Yes,No,Yes,Make them ordered,Discipline of ants,How to prevent him from get injured in future,Night,Yes,Ignore them,Sceince,Physics,Programming,Funny,Paper,Mindset to go to school,Healthy Body,Relaxing,Playing,Yes,No,Yes,Yes,Yes,Yes,Yes,Yes,No,No,Not sure,Yes,Yes,Yes,Yes,No,No,Yes,Yes,No,Engineer
"5/20/2023 11:56:35 PM +07:00",1,2,2,Yes,Yes,Yes,No,No,Yes,No,Make them ordered,Count of ants,Cure for this injury,Night,No,Ignore them,Sceince,Business Studies,Business Studies,Funny,Paper,Mindset to go to school,Fresh Mind,Eating,Browsing Internet,Yes,Yes,Yes,Yes,Not sure,No,No,Yes,No,Yes,Yes,No,Yes,No,Not sure,Yes,Yes,Yes,No,Yes,Business Related Profession
"5/20/2023 11:56:35 PM +07:00",1,2,2,Not sure,No,No,Yes,Yes,Yes,No,Just keep them in a pile,Strength and nature of ants,Cure for this injury,Morning,Not sure,Make them quite,Drawing,Biochemistry,Biology,Formal,Paper,Mindset to go to school,Healthy Body,Relaxing,Relaxing,Yes,Yes,Yes,Not sure,No,Yes,No,Yes,No,No,Yes,No,No,Yes,Yes,Yes,No,No,Not sure,Not sure,Doctor
"5/20/2023 11:56:35 PM +07:00",1,1,2,Not sure,No,No,Yes,Yes,Yes,No,Just keep them in a pile,Strength and nature of ants,Cure for this injury,Morning,Not sure,Make them quite,Sceince,Biology,Biology,Formal,Paper,Mindset to go to school,Healthy Body,Relaxing,Relaxing,Yes,Yes,Yes,No,No,Yes,No,Yes,No,Yes,Yes,No,No,Yes,Yes,Yes,No,No,Not sure,Not sure,Doctor
"5/20/2023 11:56:35 PM +07:00",1,2,2,Yes,Yes,Yes,Yes,No,Not sure,No,Make them ordered,Count of ants,Cure for this injury,Night,No,Ignore them,Sceince,Mathematics,Mathematics,Formal,Paper,Mindset to go to school,Fresh Mind,Eating,Browsing Internet,Yes,Yes,Not sure,Yes,Not sure,No,No,Yes,No,No,Yes,Yes,Yes,Yes,No,Yes,Yes,Yes,No,Yes,Business Related Profession
"5/20/2023 11:56:35 PM +07:00",1,1,1,Not sure,Yes,No,Yes,Yes,Yes,Yes,Just keep them in a pile,Strength and nature of ants,Cure for this injury,Night,No,Search for a pattern in the noise,English,Programming,Programming,Funny,Color,Mindset to go to school,Fresh Mind,Eating,Reading,Yes,Yes,Yes,Not sure,Yes,Yes,Yes,Yes,No,No,Not sure,Yes,Yes,Not sure,Yes,No,Yes,Yes,Yes,No,Engineer
"5/20/2023 11:56:35 PM +07:00",1,2,2,Not sure,No,No,Yes,Yes,Yes,No,Just keep them in a pile,Strength and nature of ants,Cure for this injury,Morning,No,Make them quite,Sceince,Biochemistry,Biology,Formal,Paper,Dressed up accordingly,Healthy Body,Relaxing,Relaxing,Yes,Yes,Yes,No,No,Yes,No,Yes,No,Yes,Yes,No,No,Yes,Yes,Yes,No,No,Not sure,Not sure,Doctor
"5/20/2023 11:56:35 PM +07:00",2,1,1,No,Not sure,No,Yes,Yes,Yes,No,Ignore them,Discipline of ants,How to prevent him from get injured in future,Morning,No,Make them quite,Mathematics,Programming,Physics,Funny,Paper,Mindset to go to school,Fresh Mind,Relaxing,Reading,Yes,Yes,Yes,Not sure,Yes,Yes,Yes,No,Yes,Yes,No,Yes,No,Yes,No,No,Yes,Yes,Not sure,Not sure,Engineer
"5/20/2023 11:56:35 PM +07:00",2,0,1,No,No,Yes,No,Not sure,Yes,Yes,Ignore them,Discipline of ants,Cure for this injury,Morning,No,Make them quite,Bangla,Biology,Physics,Funny,Color,Mindset to go to school,Fresh Mind,Relaxing,Playing,Yes,Yes,Yes,Yes,Not sure,No,No,Yes,No,Yes,Yes,Yes,Yes,No,No,Not sure,No,Yes,No,Yes,Engineer
2021/07/02 1:50:28 AM GMT+7,1,2,2,Not sure,No,No,Yes,Not sure,Yes,No,Just keep them in a pile,Strength and nature of ants,Cure for this injury,Morning,Not sure,Make them quite,Drawing,Biochemistry,Biology,Formal,Paper,Dressed up accordingly,Healthy Body,Relaxing,Relaxing,Yes,Yes,Yes,Not sure,No,Yes,No,Yes,No,Yes,Yes,No,No,Yes,Yes,Yes,No,No,Not sure,Not sure,Doctor
"5/20/2023 11:56:35 PM +07:00",2,0,2,Not sure,Yes,Yes,No,Yes,Yes,Yes,Just keep them in a pile,Count of ants,Cure for this injury,Night,Yes,Ignore them,Mathematics,Other,Programming,Informative,Font,Mindset to go to school,Healthy Body,Relaxing,Sleeping,Yes,Yes,Yes,Yes,Yes,Not sure,Yes,Yes,No,Yes,Yes,No,Yes,Yes,No,No,Yes,No,Yes,No,Engineer
"5/20/2023 11:56:35 PM +07:00",1,2,1,Yes,Yes,Yes,Yes,No,Not sure,No,Make them ordered,Strength and nature of ants,How to prevent him from get injured in future,Morning,No,Ignore them,Sceince,Business Studies,Business Studies,Formal,Paper,Mindset to go to school,Healthy Brain,Eating,Browsing Internet,Yes,Yes,Not sure,Yes,Not sure,No,Yes,Yes,No,No,Yes,No,Yes,No,Not sure,No,Yes,Yes,No,Yes,Business Related Profession
"5/20/2023 11:56:35 PM +07:00",1,2,1,Yes,Yes,Yes,No,Yes,Not sure,No,Ignore them,Strength and nature of ants,Cure for this injury,Night,No,Ignore them,Sceince,Business Studies,Mathematics,Funny,Paper,Mindset to go to school,Healthy Brain,Eating,Browsing Internet,Yes,Yes,Not sure,Yes,Not sure,No,Yes,Yes,No,Yes,Yes,No,Yes,No,Not sure,No,Yes,Yes,Yes,No,Business Related Profession
"5/20/2023 11:56:35 PM +07:00",1,2,2,Not sure,No,No,Yes,Not sure,Yes,No,Just keep them in a pile,Strength and nature of ants,Cure for this injury,Morning,Not sure,Make them quite,Drawing,Biochemistry,Biology,Formal,Paper,Mindset to go to school,Healthy Body,Relaxing,Relaxing,Yes,Yes,Yes,No,No,No,No,Yes,No,No,Yes,No,No,Yes,Yes,Yes,No,No,Not sure,Not sure,Doctor
"5/20/2023 11:56:35 PM +07:00",1,1,2,Not sure,No,No,Yes,Not sure,Yes,No,Just keep them in a pile,Strength and nature of ants,Cure for this injury,Morning,No,Make them quite,Sceince,Biochemistry,Biology,Formal,Paper,Dressed up accordingly,Healthy Body,Relaxing,Relaxing,Yes,Yes,Yes,Not sure,No,Yes,No,Yes,No,Yes,Yes,No,Yes,Yes,Yes,Yes,No,No,Not sure,Not sure,Doctor
"5/20/2023 11:56:35 PM +07:00",1,2,2,Not sure,No,No,Yes,Not sure,Yes,No,Just keep them in a pile,Strength and nature of ants,Cure for this injury,Morning,No,Make them quite,Sceince,Biochemistry,Biology,Formal,Paper,Mindset to go to school,Healthy Body,Relaxing,Relaxing,Yes,Yes,Yes,No,No,No,No,Yes,No,No,Yes,No,No,Yes,Yes,Yes,No,No,Not sure,Not sure,Doctor
"5/20/2023 11:56:35 PM +07:00",1,1,2,No,No,No,Yes,Yes,Yes,Yes,Make them ordered,Discipline of ants,How to prevent him from get injured in future,Night,No,Make them quite,Other,Chemistry,Programming,Informative,Font,Mindset to go to school,Healthy Body,Sleeping,Reading,Yes,Yes,No,Yes,Not sure,Yes,Yes,No,Yes,No,Yes,No,Yes,Not sure,Yes,No,No,Not sure,Yes,Yes,Engineer
"5/20/2023 11:56:35 PM +07:00",1,2,1,Yes,No,Yes,Yes,Not sure,Yes,Yes,Make them ordered,Strength and nature of ants,How to prevent him from get injured in future,Night,No,Make them quite,Other,Biochemistry,Biology,Funny,Paper,Mindset to go to school,Fresh Mind,Eating,Playing,Yes,No,Yes,Yes,Yes,Yes,Yes,No,Yes,No,No,No,Yes,Yes,No,No,No,No,No,Yes,Doctor
"5/20/2023 11:56:35 PM +07:00",1,2,1,Yes,Yes,Yes,Yes,Yes,Not sure,No,Ignore them,Strength and nature of ants,How to prevent him from get injured in future,Morning,Yes,Ignore them,Bangla,Mathematics,Business Studies,Funny,Paper,Mindset to go to school,Fresh Mind,Eating,Browsing Internet,Yes,Yes,Not sure,Yes,Not sure,No,Yes,Yes,No,No,Yes,No,Yes,Yes,Not sure,Yes,Yes,Yes,No,No,Business Related Profession
"5/20/2023 11:56:35 PM +07:00",1,0,1,Not sure,No,Yes,Yes,Yes,No,Yes,Make them ordered,Count of ants,What was his mistake,Afternoon,No,Ignore them,Mathematics,Mathematics,Physics,Informative,Font,Mindset to go to school,Healthy Body,Relaxing,Reading,Yes,Yes,Yes,Yes,No,Not sure,Yes,Yes,No,No,Yes,Yes,Yes,No,Yes,No,No,No,Yes,Yes,Business Related Profession
"5/20/2023 11:56:35 PM +07:00",0,2,1,Yes,Yes,No,Yes,Not sure,No,No,Make them ordered,Strength and nature of ants,Cure for this injury,Night,No,Ignore them,Bangla,Mathematics,Programming,Formal,Color,Mindset to go to school,Fresh Mind,Relaxing,Browsing Internet,Yes,Yes,Yes,Yes,Not sure,Yes,Yes,No,Yes,Yes,No,Yes,Yes,No,Yes,No,No,Yes,Yes,Not sure,Business Related Profession
"5/20/2023 11:56:35 PM +07:00",0,1,2,Not sure,Yes,Yes,Yes,Yes,Yes,Yes,Make them ordered,Count of ants,Cure for this injury,Night,Yes,Ignore them,Mathematics,Chemistry,Programming,Informative,Paper,Mindset to go to school,Healthy Brain,Eating,Relaxing,Yes,Yes,Yes,Yes,No,Yes,Yes,Yes,Yes,No,Yes,Yes,Yes,No,Yes,No,Yes,Yes,Yes,Not sure,Engineer
"5/20/2023 11:56:35 PM +07:00",2,0,1,Yes,No,Yes,Not sure,Yes,Yes,Yes,Just keep them in a pile,Strength and nature of ants,How to prevent him from get injured in future,Night,No,Ignore them,Other,literature,Programming,Informative,Paper,Dressed up accordingly,Healthy Body,Sleeping,Relaxing,Yes,Yes,Yes,Not sure,Yes,Yes,Yes,No,Yes,No,Yes,Yes,Yes,Yes,No,No,No,No,Not sure,Yes,Engineer
"5/20/2023 11:56:35 PM +07:00",1,1,2,Not sure,No,No,Yes,Yes,Yes,No,Just keep them in a pile,Strength and nature of ants,Cure for this injury,Morning,No,Make them quite,Drawing,Biology,Biology,Formal,Paper,Dressed up accordingly,Healthy Body,Relaxing,Relaxing,Yes,Yes,Yes,Not sure,No,Yes,No,Yes,No,No,Yes,No,Yes,Yes,Yes,Yes,No,No,Not sure,Not sure,Doctor
"5/20/2023 11:56:35 PM +07:00",1,1,2,Not sure,No,No,Yes,Yes,Yes,No,Just keep them in a pile,Strength and nature of ants,Cure for this injury,Morning,No,Make them quite,Sceince,Biochemistry,Biology,Formal,Paper,Dressed up accordingly,Healthy Body,Relaxing,Relaxing,Yes,Yes,Yes,No,No,No,No,Yes,No,Yes,Yes,No,Yes,Yes,Yes,Yes,No,No,Not sure,Not sure,Doctor
"5/20/2023 11:56:35 PM +07:00",2,1,0,No,No,No,No,Yes,No,Yes,Make them ordered,Discipline of ants,Cure for this injury,Night,Yes,Ignore them,Other,Programming,Biology,Informative,Paper,Mindset to go to school,Fresh Mind,Eating,Watching TV,No,Not sure,Yes,Yes,Not sure,No,Yes,Yes,No,No,Yes,No,Yes,No,No,No,No,Not sure,Yes,Not sure,Engineer
"5/20/2023 11:56:35 PM +07:00",2,2,2,Yes,Yes,Yes,Yes,Yes,Not sure,No,Make them ordered,Discipline of ants,Cure for this injury,Night,No,Make them quite,Other,Physics,Programming,Funny,Paper,Mindset to go to school,Healthy Brain,Sleeping,Watching TV,Yes,No,Yes,Yes,Yes,No,No,Not sure,No,Yes,Yes,Yes,Yes,Yes,No,Yes,Yes,Yes,Yes,Not sure,Engineer
"5/20/2023 11:56:35 PM +07:00",1,2,1,Yes,Yes,Yes,No,No,Yes,No,Make them ordered,Strength and nature of ants,Cure for this injury,Morning,Yes,Ignore them,Sceince,Business Studies,Mathematics,Funny,Paper,Mindset to go to school,Healthy Brain,Eating,Browsing Internet,Yes,Yes,Not sure,Yes,Not sure,No,Yes,Yes,No,Yes,Yes,No,Yes,No,No,Yes,Yes,Yes,Yes,No,Business Related Profession
"5/20/2023 11:56:35 PM +07:00",1,1,2,No,Yes,Yes,Yes,Not sure,Not sure,No,Just keep them in a pile,Strength and nature of ants,How to prevent him from get injured in future,Night,Yes,Ignore them,Bangla,Programming,Programming,Funny,Paper,Mindset to go to school,Healthy Brain,Eating,Relaxing,Yes,No,Yes,Not sure,No,No,Yes,No,No,Yes,Not sure,No,No,Yes,Yes,No,No,Yes,No,No,Business Related Profession
"5/20/2023 11:56:35 PM +07:00",1,1,2,Not sure,No,Yes,No,Yes,Yes,Yes,Ignore them,Strength and nature of ants,Cure for this injury,Morning,No,Make them quite,English,Chemistry,Programming,Informative,Paper,Mindset to go to school,Healthy Body,Eating,Browsing Internet,Yes,No,Yes,Not sure,Yes,No,Yes,No,Yes,No,Yes,Yes,Yes,Yes,No,Yes,No,Not sure,Yes,No,Engineer
"5/20/2023 11:56:35 PM +07:00",2,2,1,Yes,Not sure,No,Not sure,Yes,No,No,Make them ordered,Strength and nature of ants,Cure for this injury,Morning,No,Ignore them,Mathematics,Other,Biology,Informative,Font,Mindset to go to school,Healthy Body,Eating,Sleeping,Yes,No,Yes,Yes,Yes,No,Yes,Yes,Yes,No,Not sure,Yes,Yes,No,Yes,No,Yes,Yes,Yes,No,Engineer
"5/20/2023 11:56:35 PM +07:00",2,2,1,Yes,No,Yes,Yes,Yes,Yes,Yes,Just keep them in a pile,Strength and nature of ants,Cure for this injury,Night,Yes,Ignore them,Sceince,Biology,Programming,Informative,Font,Mindset to go to school,Healthy Body,Relaxing,Relaxing,Not sure,Yes,Yes,Yes,Not sure,No,Yes,No,Yes,No,Not sure,Not sure,No,Not sure,Yes,Not sure,No,Yes,No,Yes,Engineer
"5/20/2023 11:56:35 PM +07:00",0,1,0,Not sure,Yes,Yes,Not sure,Yes,Yes,Yes,Make them ordered,Discipline of ants,Cure for this injury,Night,Yes,Ignore them,English,Mathematics,Programming,Informative,Color,Mindset to go to school,Healthy Body,Sleeping,Relaxing,Yes,No,Yes,Yes,Yes,No,Yes,Yes,Yes,Yes,Yes,Yes,Yes,No,No,Yes,No,Not sure,Yes,Not sure,Engineer
"5/20/2023 11:56:35 PM +07:00",0,2,2,Not sure,Yes,No,No,Not sure,Yes,No,Ignore them,Count of ants,Cure for this injury,Night,Yes,Ignore them,Sceince,Other,Programming,Funny,Paper,Mindset to go to school,Healthy Body,Eating,Playing,Yes,Yes,Yes,Yes,No,Yes,Yes,Yes,Yes,No,Yes,No,Yes,No,Yes,Yes,No,Not sure,Yes,Yes,Engineer
"5/20/2023 11:56:35 PM +07:00",1,2,2,Yes,No,Yes,No,No,Not sure,No,Make them ordered,Count of ants,How to prevent him from get injured in future,Morning,No,Ignore them,Sceince,Business Studies,Mathematics,Formal,Paper,Mindset to go to school,Healthy Brain,Eating,Browsing Internet,Yes,Yes,Not sure,Yes,Not sure,No,No,Yes,No,Yes,Yes,No,Yes,Yes,Not sure,Yes,Yes,Yes,No,Yes,Business Related Profession
"5/20/2023 11:56:35 PM +07:00",1,0,2,Yes,No,Yes,Not sure,Yes,Yes,No,Just keep them in a pile,Discipline of ants,Cure for this injury,Night,Yes,Ignore them,Sceince,Physics,Programming,Funny,Font,Mindset to go to school,Healthy Body,Sleeping,Relaxing,Yes,No,Yes,No,Yes,Yes,Yes,Yes,No,Yes,Yes,No,Not sure,No,No,No,No,Yes,Yes,Yes,Engineer
"5/20/2023 11:56:35 PM +07:00",0,0,2,Yes,Not sure,Yes,Yes,Yes,Not sure,No,Just keep them in a pile,Discipline of ants,Cure for this injury,Night,No,Make them quite,Mathematics,Other,literature,Informative,Paper,Dressed up accordingly,Healthy Brain,Eating,Playing,Yes,No,Yes,Yes,No,No,Yes,Yes,No,Yes,Not sure,Yes,Not sure,No,Yes,Yes,Not sure,Yes,Not sure,Yes,Engineer
2020/11/07 8:03:05 PM GMT+7,2,1,1,Not sure,No,No,Not sure,Yes,No,Yes,Make them ordered,Strength and nature of ants,Cure for this injury,Night,No,Ignore them,Mathematics,Programming,Programming,Informative,Paper,Mindset to go to school,Healthy Body,Eating,Relaxing,Yes,No,Not sure,Yes,Yes,Yes,Yes,Yes,Yes,No,Yes,Yes,Yes,Not sure,No,No,Yes,Not sure,Yes,Not sure,Engineer
"5/20/2023 11:56:35 PM +07:00",1,1,2,Not sure,No,No,Yes,Yes,Yes,No,Just keep them in a pile,Strength and nature of ants,Cure for this injury,Morning,No,Make them quite,Sceince,Biology,Biology,Formal,Paper,Dressed up accordingly,Healthy Body,Relaxing,Relaxing,Yes,Yes,Yes,Not sure,No,No,No,Yes,No,No,Yes,No,Yes,Yes,Yes,Yes,No,No,Not sure,Not sure,Doctor
"5/20/2023 11:56:35 PM +07:00",1,0,2,No,No,Yes,No,Yes,Not sure,Yes,Make them ordered,Discipline of ants,Cure for this injury,Night,Not sure,Ignore them,Mathematics,Chemistry,Programming,Informative,Font,Mindset to go to school,Fresh Mind,Relaxing,Relaxing,Yes,Yes,Not sure,No,Yes,Yes,Yes,No,Yes,No,Yes,Yes,No,No,Yes,No,No,No,Yes,Yes,Engineer
"5/20/2023 11:56:35 PM +07:00",1,2,1,Not sure,No,Yes,Yes,Yes,Not sure,Yes,Ignore them,Strength and nature of ants,Cure for this injury,Morning,Not sure,Make them quite,Sceince,Other,Programming,Formal,Paper,Mindset to go to school,Fresh Mind,Eating,Relaxing,Yes,Yes,Yes,No,No,No,No,Yes,No,Yes,Yes,Not sure,Yes,No,Yes,Yes,No,Not sure,No,Yes,Doctor
"5/20/2023 11:56:35 PM +07:00",1,2,1,Yes,No,Yes,No,Yes,Not sure,No,Ignore them,Count of ants,Cure for this injury,Night,No,Ignore them,Sceince,Business Studies,Mathematics,Funny,Paper,Mindset to go to school,Healthy Brain,Eating,Playing,Yes,Yes,Yes,Yes,Not sure,No,No,Yes,No,Yes,Yes,No,Yes,No,Not sure,No,Yes,Yes,Yes,No,Business Related Profession
"5/20/2023 11:56:35 PM +07:00",2,2,2,Yes,Yes,Yes,Yes,Yes,Yes,Yes,Just keep them in a pile,Discipline of ants,Cure for this injury,Night,No,Make them quite,English,History,literature,Funny,Font,Mindset to go to school,Fresh Mind,Relaxing,Relaxing,Not sure,No,Yes,Yes,No,Yes,Yes,Not sure,Yes,Yes,Yes,Not sure,Yes,Yes,Yes,Not sure,No,Yes,Yes,Yes,Engineer
"5/20/2023 11:56:35 PM +07:00",1,2,1,Yes,No,Yes,Yes,No,Yes,No,Ignore them,Strength and nature of ants,How to prevent him from get injured in future,Morning,Yes,Ignore them,Sceince,Business Studies,Business Studies,Funny,Paper,Mindset to go to school,Fresh Mind,Eating,Playing,Yes,Yes,Not sure,Yes,Not sure,No,Yes,Yes,No,No,Yes,No,Yes,No,No,No,Yes,Yes,No,No,Business Related Profession
"5/20/2023 11:56:35 PM +07:00",1,2,1,Yes,No,Yes,No,No,Yes,No,Make them ordered,Strength and nature of ants,Cure for this injury,Morning,No,Ignore them,Sceince,Business Studies,Business Studies,Formal,Paper,Mindset to go to school,Fresh Mind,Eating,Browsing Internet,Yes,Yes,Not sure,Yes,Not sure,No,Yes,Yes,No,No,Yes,No,Yes,Yes,No,No,Yes,Yes,Yes,No,Business Related Profession
"5/20/2023 11:56:35 PM +07:00",2,1,2,No,No,Yes,Yes,Yes,No,Yes,Make them ordered,Strength and nature of ants,Cure for this injury,Morning,No,Ignore them,Other,Other,Chemistry,Informative,Paper,Mindset to go to school,Fresh Mind,Eating,Relaxing,No,No,No,Not sure,Not sure,No,Yes,Yes,No,No,Yes,No,Yes,No,Yes,Yes,No,No,Yes,Yes,Engineer
"5/20/2023 11:56:35 PM +07:00",1,0,2,No,Yes,No,Not sure,Yes,Yes,Yes,Ignore them,Discipline of ants,Cure for this injury,Morning,Not sure,Ignore them,Mathematics,Programming,Biology,Funny,Paper,Mindset to go to school,Healthy Body,Relaxing,Relaxing,Yes,Not sure,Not sure,Yes,Yes,No,Yes,Not sure,No,No,Yes,Yes,No,Yes,No,Not sure,No,Yes,Yes,No,Engineer
"5/20/2023 11:56:35 PM +07:00",1,2,2,Not sure,No,No,Yes,Yes,Yes,No,Just keep them in a pile,Strength and nature of ants,Cure for this injury,Morning,No,Make them quite,Drawing,Biochemistry,Biology,Formal,Paper,Dressed up accordingly,Healthy Body,Relaxing,Relaxing,Yes,Yes,Yes,No,No,No,No,Yes,No,Yes,Yes,No,No,Yes,Yes,Yes,No,No,Not sure,Not sure,Doctor
"5/20/2023 11:56:35 PM +07:00",1,2,1,Yes,No,Yes,Not sure,Yes,Not sure,No,Make them ordered,Count of ants,Cure for this injury,Night,Yes,Make them quite,Mathematics,Other,Mathematics,Funny,Paper,Mindset to go to school,Healthy Body,Sleeping,Relaxing,Yes,No,No,Not sure,Yes,No,Yes,No,Yes,No,No,Yes,Not sure,Yes,No,Yes,No,Yes,Yes,Not sure,Business Related Profession
"5/20/2023 11:56:35 PM +07:00",1,2,2,Not sure,No,No,Yes,Yes,Yes,No,Just keep them in a pile,Strength and nature of ants,Cure for this injury,Morning,No,Make them quite,Drawing,Biochemistry,Biology,Formal,Paper,Dressed up accordingly,Healthy Body,Relaxing,Relaxing,Yes,Yes,Yes,No,No,No,No,Yes,No,Yes,Yes,No,Yes,Yes,Yes,Yes,No,No,Not sure,Not sure,Doctor
"5/20/2023 11:56:35 PM +07:00",1,1,1,Yes,Yes,Yes,Yes,No,No,Yes,Make them ordered,Count of ants,Cure for this injury,Night,Not sure,Ignore them,Drawing,Physics,Programming,Formal,Paper,Mindset to go to school,Healthy Brain,Sleeping,Relaxing,Yes,Yes,Not sure,Yes,Yes,No,Yes,Yes,No,No,Yes,Yes,Yes,Yes,Yes,No,Yes,Yes,No,No,Engineer
"5/20/2023 11:56:35 PM +07:00",2,1,1,No,No,Yes,Yes,Yes,Yes,Yes,Make them ordered,Count of ants,Cure for this injury,Night,No,Ignore them,Drawing,Biology,Programming,Informative,Paper,Mindset to go to school,Fresh Mind,Relaxing,Browsing Internet,Yes,Yes,Yes,Yes,No,No,Yes,Yes,No,No,No,Not sure,Yes,Yes,No,Yes,No,Yes,No,Yes,Engineer
"5/20/2023 11:56:35 PM +07:00",2,1,0,Yes,No,Yes,Yes,Yes,Yes,No,Just keep them in a pile,Strength and nature of ants,Cure for this injury,Night,Yes,Ignore them,Mathematics,Programming,Programming,Formal,Paper,Mindset to go to school,Healthy Brain,Sleeping,Reading,Yes,Yes,Yes,No,Yes,Yes,Yes,Yes,No,Yes,Yes,Yes,No,No,No,Yes,No,No,Yes,No,Business Related Profession
"5/20/2023 11:56:35 PM +07:00",1,2,1,Yes,No,Yes,No,No,Yes,No,Make them ordered,Strength and nature of ants,Cure for this injury,Morning,No,Ignore them,Sceince,Business Studies,Business Studies,Formal,Paper,Mindset to go to school,Fresh Mind,Eating,Browsing Internet,Yes,Yes,Not sure,Yes,Not sure,No,Yes,Yes,No,No,Yes,No,Yes,Yes,No,No,Yes,Yes,Yes,No,Business Related Profession
"5/20/2023 11:56:35 PM +07:00",2,0,2,No,No,Yes,Not sure,Not sure,Yes,Yes,Ignore them,Strength and nature of ants,How to prevent him from get injured in future,Morning,Not sure,Ignore them,Bangla,Other,Programming,Informative,Paper,Mindset to go to school,Healthy Body,Sleeping,Relaxing,Yes,Yes,Yes,Yes,Yes,No,No,Yes,No,Yes,No,Not sure,Yes,Yes,No,No,No,Yes,Yes,Yes,Engineer
"5/20/2023 11:56:35 PM +07:00",2,1,2,No,Yes,Yes,Yes,Yes,Yes,No,Ignore them,Strength and nature of ants,Cure for this injury,Morning,No,Make them quite,Mathematics,Chemistry,Physics,Informative,Font,Mindset to go to school,Healthy Body,Sleeping,Playing,Yes,No,No,Yes,Yes,Yes,No,Yes,No,No,No,No,Not sure,No,Not sure,Yes,Yes,Not sure,Yes,Yes,Engineer
"5/20/2023 11:56:35 PM +07:00",2,2,1,Not sure,No,No,Yes,Yes,No,No,Ignore them,Count of ants,Cure for this injury,Morning,Yes,Ignore them,Mathematics,Geography,Mathematics,Funny,Paper,Mindset to go to school,Healthy Body,Reading,Relaxing,Yes,No,Yes,Yes,Not sure,Yes,No,Yes,No,Yes,No,No,Yes,No,No,Not sure,No,Not sure,Yes,Yes,Business Related Profession
"5/20/2023 11:56:35 PM +07:00",2,1,1,Yes,No,Yes,No,Yes,Not sure,Yes,Ignore them,Discipline of ants,What was his mistake,Night,No,Ignore them,Sceince,Biology,Programming,Formal,Paper,Mindset to go to school,Fresh Mind,Sleeping,Browsing Internet,Yes,No,No,Yes,Not sure,Yes,No,Yes,No,No,No,Yes,Yes,Yes,Not sure,No,No,No,No,Yes,Business Related Profession
"5/20/2023 11:56:35 PM +07:00",1,1,2,Not sure,No,No,Yes,Not sure,Yes,No,Just keep them in a pile,Strength and nature of ants,Cure for this injury,Morning,Not sure,Make them quite,Sceince,Biology,Biology,Formal,Paper,Dressed up accordingly,Healthy Body,Relaxing,Relaxing,Yes,Yes,Yes,No,No,Yes,No,Yes,No,No,Yes,No,Yes,Yes,Yes,Yes,No,No,Not sure,Not sure,Doctor
"5/20/2023 11:56:35 PM +07:00",1,0,0,Yes,Not sure,Yes,Yes,No,No,Yes,Make them ordered,Discipline of ants,Cure for this injury,Night,No,Make them quite,Mathematics,Business Studies,Mathematics,Formal,Font,Dressed up accordingly,Healthy Brain,Eating,Playing,Not sure,Yes,Not sure,Yes,Yes,Yes,Yes,Yes,No,No,Yes,Yes,No,Yes,No,Yes,No,Yes,Yes,No,Engineer
"5/20/2023 11:56:35 PM +07:00",1,2,1,Yes,No,Yes,No,No,Not sure,No,Make them ordered,Count of ants,Cure for this injury,Night,No,Ignore them,Bangla,Mathematics,Mathematics,Funny,Paper,Mindset to go to school,Healthy Brain,Eating,Playing,Yes,Yes,Not sure,Yes,Not sure,No,Yes,Yes,No,No,Yes,Yes,Yes,No,Not sure,No,Yes,Yes,No,No,Business Related Profession
"5/20/2023 11:56:35 PM +07:00",2,1,2,No,No,Yes,Yes,Yes,No,No,Make them ordered,Discipline of ants,How to prevent him from get injured in future,Morning,No,Search for a pattern in the noise,Mathematics,Programming,Biology,Informative,Font,Mindset to go to school,Fresh Mind,Sleeping,Relaxing,Not sure,No,Yes,Not sure,No,Yes,Not sure,Yes,No,Yes,No,Not sure,No,Yes,No,No,Yes,No,Yes,No,Engineer
"5/20/2023 11:56:35 PM +07:00",1,1,2,Not sure,No,Yes,Yes,Yes,Yes,Yes,Make them ordered,Strength and nature of ants,Cure for this injury,Morning,No,Ignore them,Sceince,Programming,Other,Funny,Paper,Dressed up accordingly,Healthy Brain,Sleeping,Playing,Yes,No,Yes,Yes,No,No,Yes,Yes,No,No,Yes,Yes,Yes,No,No,No,Yes,No,Yes,No,Engineer
"5/20/2023 11:56:35 PM +07:00",1,2,1,Yes,No,Yes,No,Yes,Not sure,No,Ignore them,Strength and nature of ants,How to prevent him from get injured in future,Morning,Yes,Ignore them,Bangla,Business Studies,Mathematics,Formal,Paper,Mindset to go to school,Fresh Mind,Eating,Playing,Yes,Yes,Not sure,Yes,Not sure,No,No,Yes,No,No,Yes,No,Yes,No,Not sure,No,Yes,Yes,No,Yes,Business Related Profession
"5/20/2023 11:56:35 PM +07:00",1,1,1,Not sure,Yes,No,Yes,Yes,Yes,Yes,Just keep them in a pile,Strength and nature of ants,Cure for this injury,Night,No,Search for a pattern in the noise,English,Programming,Programming,Funny,Color,Mindset to go to school,Fresh Mind,Eating,Reading,Yes,Yes,Yes,Not sure,Yes,Yes,Yes,Yes,No,No,Not sure,Yes,Yes,Not sure,Yes,No,Yes,Yes,Yes,No,Engineer
"5/20/2023 11:56:35 PM +07:00",1,2,2,Not sure,No,No,Yes,Yes,Yes,No,Just keep them in a pile,Strength and nature of ants,Cure for this injury,Morning,Not sure,Make them quite,Drawing,Biology,Biology,Formal,Paper,Mindset to go to school,Healthy Body,Relaxing,Relaxing,Yes,Yes,Yes,No,No,Yes,No,Yes,No,Yes,Yes,No,Yes,Yes,Yes,Yes,No,No,Not sure,Not sure,Doctor
"5/20/2023 11:56:35 PM +07:00",1,1,2,Yes,No,No,Not sure,Yes,No,Yes,Make them ordered,Count of ants,How to prevent him from get injured in future,Afternoon,Yes,Ignore them,Other,Chemistry,Chemistry,Funny,Paper,Mindset to go to school,Fresh Mind,Relaxing,Sleeping,Yes,No,Yes,Yes,No,Yes,Yes,Yes,No,No,Yes,No,Yes,Yes,Not sure,Yes,Yes,Yes,Yes,Not sure,Business Related Profession
"5/20/2023 11:56:35 PM +07:00",1,0,2,No,No,Yes,No,Yes,Not sure,Yes,Make them ordered,Discipline of ants,Cure for this injury,Night,Not sure,Ignore them,Mathematics,Chemistry,Programming,Informative,Font,Mindset to go to school,Fresh Mind,Relaxing,Relaxing,Yes,Yes,Not sure,No,Yes,Yes,Yes,No,Yes,No,Yes,Yes,No,No,Yes,No,No,No,Yes,Yes,Engineer
2020/11/18 3:30:12 PM GMT+7,2,0,2,Yes,Not sure,Yes,Not sure,Not sure,No,Yes,Just keep them in a pile,Count of ants,Cure for this injury,Night,Yes,Ignore them,Mathematics,Physics,Physics,Informative,Font,Dressed up accordingly,Fresh Mind,Taking bath,Relaxing,Not sure,No,Yes,Yes,Not sure,Yes,Yes,Not sure,No,No,No,Not sure,Yes,No,No,No,Yes,Yes,Not sure,Yes,Engineer
"5/20/2023 11:56:35 PM +07:00",2,1,2,Yes,No,No,Yes,Yes,Yes,Yes,Make them ordered,Strength and nature of ants,Cure for this injury,Morning,No,Ignore them,Other,Other,Chemistry,Funny,Font,Mindset to go to school,Healthy Body,Eating,Playing,Yes,No,No,Yes,No,Yes,No,Yes,Yes,Yes,Not sure,Yes,Yes,No,No,Yes,No,No,Yes,No,Engineer
"5/20/2023 11:56:35 PM +07:00",2,1,0,Not sure,No,Yes,Not sure,Not sure,No,Yes,Just keep them in a pile,Discipline of ants,Cure for this injury,Morning,No,Make them quite,Mathematics,Physics,Programming,Informative,Paper,Mindset to go to school,Healthy Body,Eating,Watching TV,Yes,No,Yes,Not sure,Yes,Yes,Yes,Yes,No,Yes,Yes,Not sure,Yes,No,No,Not sure,No,No,Not sure,Yes,Engineer
"5/20/2023 11:56:35 PM +07:00",2,1,2,No,No,Yes,Not sure,Yes,Not sure,Yes,Make them ordered,Discipline of ants,Cure for this injury,Morning,Not sure,Ignore them,Drawing,Programming,Programming,Funny,Paper,Dressed up accordingly,Healthy Brain,Sleeping,Reading,Yes,Yes,Yes,Yes,Yes,Yes,Yes,Yes,Yes,Yes,No,No,Yes,No,No,Not sure,Yes,No,Yes,Yes,Engineer
"5/20/2023 11:56:35 PM +07:00",2,1,1,No,No,Yes,Yes,Yes,Yes,No,Make them ordered,Discipline of ants,Cure for this injury,Night,No,Make them quite,Sceince,Programming,Programming,Informative,Paper,Mindset to go to school,Healthy Body,Sleeping,Browsing Internet,Yes,Yes,Not sure,Yes,Yes,No,Yes,No,No,No,Yes,Yes,No,Yes,No,No,Yes,No,Yes,Not sure,Engineer
"5/20/2023 11:56:35 PM +07:00",2,1,2,Not sure,Not sure,No,Yes,Yes,Yes,No,Make them ordered,Strength and nature of ants,Cure for this injury,Night,No,Make them quite,Sceince,Programming,Programming,Formal,Paper,Mindset to go to school,Fresh Mind,Sleeping,Relaxing,Yes,Not sure,Not sure,Not sure,Yes,No,Yes,Yes,No,Yes,Yes,Yes,Yes,No,Not sure,No,No,Yes,Yes,No,Engineer
"5/20/2023 11:56:35 PM +07:00",2,1,1,No,Not sure,No,Yes,Yes,Yes,No,Ignore them,Discipline of ants,How to prevent him from get injured in future,Morning,No,Make them quite,Mathematics,Programming,Physics,Funny,Paper,Mindset to go to school,Fresh Mind,Relaxing,Reading,Yes,Yes,Yes,Not sure,Yes,Yes,Yes,No,Yes,Yes,No,Yes,No,Yes,No,No,Yes,Yes,Not sure,Not sure,Engineer
"5/20/2023 11:56:35 PM +07:00",2,1,0,Not sure,No,Yes,Not sure,Not sure,No,Yes,Just keep them in a pile,Discipline of ants,Cure for this injury,Morning,No,Make them quite,Mathematics,Physics,Programming,Informative,Paper,Mindset to go to school,Healthy Body,Eating,Watching TV,Yes,No,Yes,Not sure,Yes,Yes,Yes,Yes,No,Yes,Yes,Not sure,Yes,No,No,Not sure,No,No,Not sure,Yes,Engineer
"5/20/2023 11:56:35 PM +07:00",1,1,2,No,Yes,No,Not sure,Yes,Not sure,No,Ignore them,Count of ants,Cure for this injury,Morning,Yes,Ignore them,Sceince,Physics,Business Studies,Informative,Font,Mindset to go to school,Fresh Mind,Eating,Playing,Yes,Yes,No,Not sure,Yes,Yes,No,Yes,No,Yes,Yes,Yes,No,No,No,No,Yes,No,Yes,Yes,Business Related Profession
"5/20/2023 11:56:35 PM +07:00",1,2,2,Yes,No,Yes,No,No,Not sure,No,Ignore them,Strength and nature of ants,How to prevent him from get injured in future,Night,Yes,Ignore them,Bangla,Mathematics,Mathematics,Formal,Paper,Mindset to go to school,Healthy Brain,Eating,Browsing Internet,Yes,Yes,Yes,Yes,Not sure,No,Yes,Yes,No,Yes,Yes,Yes,Yes,Yes,Not sure,Yes,Yes,Yes,No,No,Business Related Profession
"5/20/2023 11:56:35 PM +07:00",2,0,1,Not sure,No,Yes,Yes,Not sure,Yes,Yes,Make them ordered,Strength and nature of ants,How to prevent him from get injured in future,Night,Not sure,Ignore them,Mathematics,Programming,Programming,Formal,Paper,Mindset to go to school,Healthy Body,Sleeping,Other,Yes,Yes,Not sure,Yes,Yes,No,Yes,No,No,Yes,Yes,Yes,Yes,No,No,No,No,Yes,No,Not sure,Engineer
"5/20/2023 11:56:35 PM +07:00",1,2,2,Yes,Yes,Yes,No,Yes,Yes,No,Ignore them,Strength and nature of ants,How to prevent him from get injured in future,Morning,Yes,Ignore them,Bangla,Business Studies,Mathematics,Funny,Paper,Mindset to go to school,Healthy Brain,Eating,Playing,Yes,Yes,Not sure,Yes,Not sure,No,No,Yes,No,No,Yes,No,Yes,Yes,Not sure,Yes,Yes,Yes,Yes,No,Business Related Profession
"5/20/2023 11:56:35 PM +07:00",2,1,1,Yes,No,Yes,No,Yes,Yes,No,Make them ordered,Discipline of ants,Cure for this injury,Night,No,Ignore them,Mathematics,Physics,Mathematics,Funny,Paper,Mindset to go to school,Healthy Body,Reading,Playing,Yes,No,Yes,Yes,Yes,No,Yes,Yes,No,Yes,Yes,No,No,Not sure,Not sure,Yes,Yes,Yes,No,No,Engineer
"5/20/2023 11:56:35 PM +07:00",1,1,2,No,Yes,Yes,Yes,Not sure,Yes,Yes,Just keep them in a pile,Count of ants,How to prevent him from get injured in future,Night,Yes,Ignore them,Mathematics,Programming,Biology,Funny,Font,Mindset to go to school,Healthy Body,Sleeping,Relaxing,Yes,Yes,Yes,Yes,Yes,Yes,Yes,Yes,Yes,Yes,Yes,No,Yes,Not sure,Yes,Yes,No,Yes,No,Yes,Business Related Profession
"5/20/2023 11:56:35 PM +07:00",1,1,0,No,No,No,Yes,Not sure,No,Yes,Make them ordered,Count of ants,Cure for this injury,Night,Not sure,Make them quite,Sceince,literature,Programming,Informative,Paper,Dressed up accordingly,Fresh Mind,Reading,Sleeping,Yes,No,No,Yes,Yes,Not sure,Yes,No,No,No,Yes,No,Not sure,No,No,Yes,Yes,No,No,No,Engineer
"5/20/2023 11:56:35 PM +07:00",1,1,2,Not sure,No,No,Yes,Not sure,Yes,No,Just keep them in a pile,Strength and nature of ants,Cure for this injury,Morning,Not sure,Make them quite,Sceince,Biology,Biology,Formal,Paper,Mindset to go to school,Healthy Body,Relaxing,Relaxing,Yes,Yes,Yes,Not sure,No,Yes,No,Yes,No,No,Yes,No,No,Yes,Yes,Yes,No,No,Not sure,Not sure,Doctor
"5/20/2023 11:56:35 PM +07:00",1,1,2,Not sure,No,No,Yes,Yes,Yes,No,Just keep them in a pile,Strength and nature of ants,Cure for this injury,Morning,No,Make them quite,Drawing,Biology,Biology,Formal,Paper,Dressed up accordingly,Healthy Body,Relaxing,Relaxing,Yes,Yes,Yes,No,No,No,No,Yes,No,Yes,Yes,No,Yes,Yes,Yes,Yes,No,No,Not sure,Not sure,Doctor
"5/20/2023 11:56:35 PM +07:00",1,2,2,Yes,No,Yes,Not sure,No,No,Yes,Make them ordered,Strength and nature of ants,Cure for this injury,Morning,No,Make them quite,Sceince,Mathematics,Programming,Funny,Font,Mindset to go to school,Healthy Body,Eating,Reading,Yes,Yes,Yes,Yes,Yes,No,Yes,Yes,Yes,No,Yes,No,Yes,No,Yes,Yes,Yes,No,Yes,Yes,Engineer
"5/20/2023 11:56:35 PM +07:00",0,2,1,No,Yes,No,Yes,No,No,No,Ignore them,Strength and nature of ants,Cure for this injury,Night,No,Ignore them,Mathematics,Physics,Programming,Formal,Paper,Mindset to go to school,Healthy Body,Eating,Relaxing,Yes,Yes,Not sure,Not sure,Yes,Yes,Yes,No,No,Yes,Yes,No,Yes,Yes,Yes,No,No,Not sure,Yes,Yes,Doctor
"5/20/2023 11:56:35 PM +07:00",2,0,2,No,No,Yes,Not sure,Not sure,Yes,Yes,Ignore them,Strength and nature of ants,How to prevent him from get injured in future,Morning,Not sure,Ignore them,Bangla,Other,Programming,Informative,Paper,Mindset to go to school,Healthy Body,Sleeping,Relaxing,Yes,Yes,Yes,Yes,Yes,No,No,Yes,No,Yes,No,Not sure,Yes,Yes,No,No,No,Yes,Yes,Yes,Engineer
"5/20/2023 11:56:35 PM +07:00",2,1,1,No,No,Yes,Not sure,Yes,No,Yes,Make them ordered,Discipline of ants,How to prevent him from get injured in future,Morning,Yes,Make them quite,Other,literature,Physics,Informative,Color,Mindset to go to school,Healthy Body,Sleeping,Relaxing,Yes,No,Yes,Not sure,No,No,Yes,Yes,Yes,No,Yes,No,Yes,No,No,No,No,Yes,Yes,No,Engineer
"5/20/2023 11:56:35 PM +07:00",2,2,2,Yes,Yes,Yes,Yes,Yes,Yes,No,Make them ordered,Strength and nature of ants,Cure for this injury,Morning,Yes,Make them quite,Other,Chemistry,Other,Informative,Paper,Mindset to go to school,Healthy Body,Relaxing,Playing,Yes,Yes,Yes,Yes,Yes,No,Yes,No,No,Yes,Yes,Yes,No,Yes,No,No,No,No,Yes,No,Doctor
2021/07/02 1:24:14 AM GMT+7,1,1,2,Not sure,No,No,Yes,Yes,Yes,No,Just keep them in a pile,Strength and nature of ants,Cure for this injury,Morning,No,Make them quite,Sceince,Biology,Biology,Formal,Paper,Mindset to go to school,Healthy Body,Relaxing,Relaxing,Yes,Yes,Yes,No,No,No,No,Yes,No,No,Yes,No,Yes,Yes,Yes,Yes,No,No,Not sure,Not sure,Doctor
"5/20/2023 11:56:35 PM +07:00",2,0,2,No,No,Yes,Not sure,Yes,Yes,Yes,Ignore them,Discipline of ants,Cure for this injury,Night,Yes,Search for a pattern in the noise,Sceince,literature,Other,Funny,Paper,Dressed up accordingly,Fresh Mind,Sleeping,Reading,Yes,Yes,No,Yes,No,Yes,No,Yes,Yes,Yes,Yes,Yes,Yes,Yes,Not sure,Yes,Yes,Yes,Yes,Not sure,Engineer
"5/20/2023 11:56:35 PM +07:00",2,0,2,No,No,Yes,Yes,Yes,Yes,No,Make them ordered,Strength and nature of ants,Cure for this injury,Night,No,Search for a pattern in the noise,Mathematics,Programming,Physics,Funny,Font,Mindset to go to school,Healthy Body,Relaxing,Reading,Yes,No,No,Yes,Not sure,No,No,Yes,No,No,Yes,No,Yes,Yes,Yes,Yes,No,No,Yes,Yes,Engineer
"5/20/2023 11:56:35 PM +07:00",2,1,1,Yes,Yes,Yes,No,Yes,No,No,Make them ordered,Discipline of ants,Cure for this injury,Morning,Yes,Ignore them,English,Other,Business Studies,Informative,Paper,Mindset to go to school,Healthy Body,Eating,Relaxing,Yes,No,Yes,Yes,Not sure,Yes,No,Yes,No,Yes,No,Not sure,Yes,No,No,No,Yes,Not sure,Yes,Yes,Business Related Profession
"5/20/2023 11:56:35 PM +07:00",1,2,2,Yes,No,Yes,Yes,Not sure,Yes,Yes,Make them ordered,Count of ants,Cure for this injury,Morning,No,Ignore them,English,Mathematics,Business Studies,Funny,Paper,Mindset to go to school,Healthy Body,Sleeping,Watching TV,Yes,No,Yes,Yes,No,Yes,No,No,No,No,Yes,Yes,Yes,No,Yes,Yes,Not sure,No,Yes,Not sure,Engineer
"5/20/2023 11:56:35 PM +07:00",1,2,2,Not sure,No,No,Yes,Yes,Yes,No,Just keep them in a pile,Strength and nature of ants,Cure for this injury,Morning,Not sure,Make them quite,Drawing,Biology,Biology,Formal,Paper,Mindset to go to school,Healthy Body,Relaxing,Relaxing,Yes,Yes,Yes,No,No,Yes,No,Yes,No,Yes,Yes,No,Yes,Yes,Yes,Yes,No,No,Not sure,Not sure,Doctor
"5/20/2023 11:56:35 PM +07:00",0,1,2,Yes,Yes,Yes,Yes,Yes,No,No,Make them ordered,Strength and nature of ants,How to prevent him from get injured in future,Afternoon,No,Ignore them,Drawing,Programming,Programming,Formal,Paper,Dressed up accordingly,Fresh Mind,Eating,Playing,Yes,Yes,Yes,Yes,Not sure,No,No,No,Yes,Yes,No,Not sure,Yes,No,Yes,Yes,Yes,Yes,Not sure,Not sure,Business Related Profession
"5/20/2023 11:56:35 PM +07:00",0,1,1,Yes,Yes,Not sure,Yes,Yes,Yes,No,Make them ordered,Discipline of ants,Cure for this injury,Night,Yes,Ignore them,Mathematics,Physics,Programming,Funny,Paper,Mindset to go to school,Fresh Mind,Sleeping,Playing,Yes,Yes,Not sure,Yes,Yes,Yes,Yes,Yes,Yes,Yes,Yes,No,Yes,No,Yes,Yes,No,No,Not sure,Not sure,Engineer
"5/20/2023 11:56:35 PM +07:00",1,1,2,Yes,Yes,No,No,Yes,Yes,Yes,Just keep them in a pile,Strength and nature of ants,Cure for this injury,Afternoon,No,Ignore them,Bangla,Other,Programming,Funny,Paper,Mindset to go to school,Healthy Brain,Relaxing,Playing,Yes,Yes,No,Yes,No,No,Yes,Yes,Yes,Yes,No,Yes,Yes,No,No,No,No,Yes,Yes,Not sure,Engineer
"5/20/2023 11:56:35 PM +07:00",1,2,1,Yes,Yes,Yes,No,No,Not sure,No,Ignore them,Count of ants,How to prevent him from get injured in future,Night,No,Ignore them,Sceince,Mathematics,Mathematics,Formal,Paper,Mindset to go to school,Healthy Brain,Eating,Browsing Internet,Yes,Yes,Not sure,Yes,Not sure,No,No,Yes,No,No,Yes,No,Yes,Yes,Not sure,Yes,Yes,Yes,Yes,Yes,Business Related Profession
"5/20/2023 11:56:35 PM +07:00",2,0,1,No,No,Yes,No,Not sure,Yes,Yes,Ignore them,Discipline of ants,Cure for this injury,Morning,No,Make them quite,Bangla,Biology,Physics,Funny,Color,Mindset to go to school,Fresh Mind,Relaxing,Playing,Yes,Yes,Yes,Yes,Not sure,No,No,Yes,No,Yes,Yes,Yes,Yes,No,No,Not sure,No,Yes,No,Yes,Engineer
"5/20/2023 11:56:35 PM +07:00",1,1,2,Not sure,No,No,Yes,Yes,Yes,No,Just keep them in a pile,Strength and nature of ants,Cure for this injury,Morning,No,Make them quite,Sceince,Biochemistry,Biology,Formal,Paper,Dressed up accordingly,Healthy Body,Relaxing,Relaxing,Yes,Yes,Yes,No,No,Yes,No,Yes,No,Yes,Yes,No,Yes,Yes,Yes,Yes,No,No,Not sure,Not sure,Doctor
"5/20/2023 11:56:35 PM +07:00",1,2,1,Yes,No,Yes,Yes,Yes,Not sure,No,Make them ordered,Strength and nature of ants,Cure for this injury,Morning,Yes,Ignore them,Sceince,Mathematics,Business Studies,Funny,Paper,Mindset to go to school,Fresh Mind,Eating,Browsing Internet,Yes,Yes,Yes,Yes,Not sure,No,No,Yes,No,Yes,Yes,Yes,Yes,Yes,No,No,Yes,Yes,No,Yes,Business Related Profession
"5/20/2023 11:56:35 PM +07:00",1,2,1,Yes,No,Yes,No,Yes,Not sure,No,Make them ordered,Count of ants,How to prevent him from get injured in future,Night,No,Ignore them,Bangla,Mathematics,Mathematics,Funny,Paper,Mindset to go to school,Fresh Mind,Eating,Browsing Internet,Yes,Yes,Not sure,Yes,Not sure,No,No,Yes,No,No,Yes,No,Yes,Yes,Not sure,No,Yes,Yes,Yes,No,Business Related Profession
"5/20/2023 11:56:35 PM +07:00",0,1,2,Not sure,No,No,Not sure,Yes,No,Yes,Just keep them in a pile,Discipline of ants,Cure for this injury,Night,Yes,Ignore them,Mathematics,Biology,Programming,Funny,Font,Mindset to go to school,Fresh Mind,Eating,Browsing Internet,Yes,No,Yes,Yes,Yes,Yes,Yes,Yes,No,No,Yes,No,Yes,No,No,Not sure,No,Yes,Yes,Yes,Engineer
"5/20/2023 11:56:35 PM +07:00",1,1,2,Yes,No,Yes,Not sure,Yes,No,No,Make them ordered,Strength and nature of ants,How to prevent him from get injured in future,Morning,Not sure,Search for a pattern in the noise,Mathematics,Business Studies,Business Studies,Formal,Font,Mindset to go to school,Fresh Mind,Sleeping,Relaxing,Not sure,Yes,Yes,Not sure,Yes,No,Yes,Yes,No,No,No,Yes,Not sure,Yes,Yes,Yes,No,No,Yes,Yes,Engineer
"5/20/2023 11:56:35 PM +07:00",0,1,1,Yes,No,Yes,No,Yes,Yes,No,Just keep them in a pile,Discipline of ants,Cure for this injury,Night,No,Ignore them,Sceince,Biology,Biology,Informative,Paper,Mindset to go to school,Healthy Body,Eating,Sleeping,Not sure,No,Yes,Yes,Yes,Yes,Yes,No,Yes,No,Yes,Yes,No,Yes,Yes,Yes,Yes,Yes,Yes,Yes,Engineer
"5/20/2023 11:56:35 PM +07:00",1,2,2,Not sure,No,No,Yes,Yes,Yes,No,Just keep them in a pile,Strength and nature of ants,Cure for this injury,Morning,Not sure,Make them quite,Drawing,Biology,Biology,Formal,Paper,Dressed up accordingly,Healthy Body,Relaxing,Relaxing,Yes,Yes,Yes,No,No,Yes,No,Yes,No,Yes,Yes,No,No,Yes,Yes,Yes,No,No,Not sure,Not sure,Doctor
"5/20/2023 11:56:35 PM +07:00",2,2,2,Yes,No,Yes,Yes,Yes,Yes,Yes,Just keep them in a pile,Strength and nature of ants,Cure for this injury,Morning,No,Ignore them,English,Other,Chemistry,Informative,Paper,Dressed up accordingly,Healthy Brain,Eating,Relaxing,Not sure,Yes,Not sure,Yes,Yes,No,Yes,Yes,No,No,Yes,Yes,Not sure,No,Yes,Yes,Yes,Yes,Yes,No,Engineer
"5/20/2023 11:56:35 PM +07:00",2,0,1,No,Yes,Yes,No,Yes,No,Yes,Just keep them in a pile,Discipline of ants,Cure for this injury,Morning,Yes,Ignore them,Other,Other,Chemistry,Informative,Paper,Dressed up accordingly,Fresh Mind,Taking bath,Relaxing,Yes,Yes,No,No,Yes,Not sure,No,Yes,No,No,Yes,Not sure,Yes,Yes,Yes,No,No,No,Yes,Yes,Engineer
"5/20/2023 11:56:35 PM +07:00",2,1,2,Not sure,No,Yes,Not sure,Yes,No,Yes,Just keep them in a pile,Strength and nature of ants,Cure for this injury,Morning,Yes,Ignore them,Mathematics,Chemistry,Physics,Informative,Paper,Mindset to go to school,Fresh Mind,Reading,Playing,Yes,No,Not sure,Yes,Yes,No,Yes,No,Yes,No,Yes,No,Yes,No,Yes,No,No,No,No,No,Engineer
"5/20/2023 11:56:35 PM +07:00",0,0,2,Yes,Not sure,Yes,Yes,Yes,Not sure,No,Just keep them in a pile,Discipline of ants,Cure for this injury,Night,No,Make them quite,Mathematics,Other,literature,Informative,Paper,Dressed up accordingly,Healthy Brain,Eating,Playing,Yes,No,Yes,Yes,No,No,Yes,Yes,No,Yes,Not sure,Yes,Not sure,No,Yes,Yes,Not sure,Yes,Not sure,Yes,Engineer
"5/20/2023 11:56:35 PM +07:00",1,1,1,Yes,Not sure,Yes,Not sure,Yes,Yes,Yes,Ignore them,Strength and nature of ants,How to prevent him from get injured in future,Night,No,Ignore them,Mathematics,Chemistry,Biology,Funny,Font,Mindset to go to school,Fresh Mind,Eating,Relaxing,Yes,No,No,Yes,Yes,Yes,Yes,No,No,No,Yes,Not sure,No,No,Yes,Yes,No,Yes,Yes,No,Engineer
"5/20/2023 11:56:35 PM +07:00",2,0,2,Not sure,No,Not sure,Not sure,Yes,Not sure,Not sure,Make them ordered,Discipline of ants,How to prevent him from get injured in future,Morning,No,Ignore them,Mathematics,Other,Physics,Informative,Paper,Mindset to go to school,Fresh Mind,Taking bath,Relaxing,Yes,Yes,No,Yes,No,Yes,Yes,Yes,No,Yes,Yes,Yes,Yes,No,No,Not sure,No,Yes,Yes,Yes,Engineer
"5/20/2023 11:56:35 PM +07:00",1,2,2,No,No,No,Not sure,Yes,Yes,No,Make them ordered,Count of ants,How to prevent him from get injured in future,Morning,No,Ignore them,Mathematics,Programming,Physics,Funny,Paper,Dressed up accordingly,Healthy Brain,Eating,Relaxing,Yes,No,Not sure,Yes,Not sure,No,No,Yes,No,Yes,Yes,Not sure,No,Yes,No,No,No,No,Yes,Yes,Business Related Profession
"5/20/2023 11:56:35 PM +07:00",1,2,2,No,No,No,Yes,Yes,No,No,Make them ordered,Count of ants,Cure for this injury,Night,No,Ignore them,Sceince,Business Studies,Business Studies,Funny,Font,Mindset to go to school,Fresh Mind,Taking bath,Relaxing,Yes,Not sure,Yes,Yes,Yes,No,Yes,Yes,No,Yes,No,Yes,No,Yes,No,Yes,No,Yes,Yes,Yes,Engineer
"5/20/2023 11:56:35 PM +07:00",2,2,1,Yes,Not sure,No,Not sure,Yes,No,No,Make them ordered,Strength and nature of ants,Cure for this injury,Morning,No,Ignore them,Mathematics,Other,Biology,Informative,Font,Mindset to go to school,Healthy Body,Eating,Sleeping,Yes,No,Yes,Yes,Yes,No,Yes,Yes,Yes,No,Not sure,Yes,Yes,No,Yes,No,Yes,Yes,Yes,No,Engineer
2020/11/28 10:50:15 PM GMT+7,2,2,2,No,No,Yes,Yes,Yes,No,Yes,Make them ordered,Count of ants,What was his mistake,Morning,Yes,Ignore them,Bangla,Other,Programming,Informative,Paper,Mindset to go to school,Fresh Mind,Relaxing,Gossiping,Yes,Yes,Yes,Yes,Yes,Yes,Yes,Yes,Yes,Yes,No,Not sure,Yes,Yes,Yes,Not sure,Not sure,Not sure,Yes,Not sure,Engineer
"5/20/2023 11:56:35 PM +07:00",1,2,2,Yes,No,Yes,Yes,No,Not sure,No,Make them ordered,Count of ants,Cure for this injury,Morning,Yes,Ignore them,Sceince,Business Studies,Mathematics,Funny,Paper,Mindset to go to school,Fresh Mind,Eating,Browsing Internet,Yes,Yes,Not sure,Yes,Not sure,No,Yes,Yes,No,No,Yes,Yes,Yes,Yes,No,Yes,Yes,Yes,No,No,Business Related Profession
"5/20/2023 11:56:35 PM +07:00",0,1,2,Yes,Yes,Yes,Yes,Yes,No,No,Make them ordered,Strength and nature of ants,How to prevent him from get injured in future,Afternoon,No,Ignore them,Drawing,Programming,Programming,Formal,Paper,Dressed up accordingly,Fresh Mind,Eating,Playing,Yes,Yes,Yes,Yes,Not sure,No,No,No,Yes,Yes,No,Not sure,Yes,No,Yes,Yes,Yes,Yes,Not sure,Not sure,Business Related Profession
"5/20/2023 11:56:35 PM +07:00",1,2,1,No,No,Yes,Yes,Yes,Yes,Yes,Just keep them in a pile,Strength and nature of ants,Cure for this injury,Night,No,Make them quite,Bangla,Chemistry,Programming,Funny,Font,Mindset to go to school,Healthy Brain,Eating,Relaxing,Yes,Not sure,Not sure,Yes,No,Not sure,Yes,No,Yes,Yes,Yes,Not sure,Yes,Not sure,No,No,Yes,No,Yes,Yes,Engineer
"5/20/2023 11:56:35 PM +07:00",0,0,2,No,Yes,Yes,Not sure,Not sure,No,No,Ignore them,Strength and nature of ants,Cure for this injury,Night,Yes,Search for a pattern in the noise,Mathematics,Physics,Chemistry,Funny,Font,Mindset to go to school,Healthy Body,Sleeping,Playing,Yes,Yes,Yes,Yes,No,Yes,Yes,Yes,No,Yes,Not sure,Yes,Yes,No,Yes,No,No,No,Yes,Yes,Engineer
"5/20/2023 11:56:35 PM +07:00",1,2,1,No,Yes,Yes,Yes,No,Yes,No,Make them ordered,Strength and nature of ants,How to prevent him from get injured in future,Morning,No,Ignore them,Bangla,Other,Physics,Formal,Paper,Mindset to go to school,Healthy Body,Eating,Relaxing,Yes,Yes,Not sure,Yes,Not sure,No,No,Yes,No,Yes,Yes,Yes,Yes,Not sure,No,No,Yes,No,Yes,Not sure,Engineer
"5/20/2023 11:56:35 PM +07:00",1,1,2,Not sure,No,No,Yes,Not sure,Yes,No,Just keep them in a pile,Strength and nature of ants,Cure for this injury,Morning,No,Make them quite,Drawing,Biology,Biology,Formal,Paper,Dressed up accordingly,Healthy Body,Relaxing,Relaxing,Yes,Yes,Yes,Not sure,No,Yes,No,Yes,No,Yes,Yes,No,Yes,Yes,Yes,Yes,No,No,Not sure,Not sure,Doctor
"5/20/2023 11:56:35 PM +07:00",2,0,1,No,No,Yes,No,Not sure,Yes,Yes,Ignore them,Discipline of ants,Cure for this injury,Morning,No,Make them quite,Bangla,Biology,Physics,Funny,Color,Mindset to go to school,Fresh Mind,Relaxing,Playing,Yes,Yes,Yes,Yes,Not sure,No,No,Yes,No,Yes,Yes,Yes,Yes,No,No,Not sure,No,Yes,No,Yes,Engineer
"5/20/2023 11:56:35 PM +07:00",1,2,2,Not sure,No,No,Yes,Yes,Yes,No,Just keep them in a pile,Strength and nature of ants,Cure for this injury,Morning,Not sure,Make them quite,Drawing,Biology,Biology,Formal,Paper,Mindset to go to school,Healthy Body,Relaxing,Relaxing,Yes,Yes,Yes,No,No,Yes,No,Yes,No,Yes,Yes,No,Yes,Yes,Yes,Yes,No,No,Not sure,Not sure,Doctor
"5/20/2023 11:56:35 PM +07:00",1,2,1,Yes,No,Yes,No,Yes,No,Yes,Ignore them,Strength and nature of ants,Cure for this injury,Night,No,Ignore them,Other,Chemistry,Mathematics,Informative,Paper,Mindset to go to school,Fresh Mind,Eating,Browsing Internet,Yes,Yes,No,Yes,Yes,Yes,Yes,Yes,Yes,Yes,No,No,Yes,No,No,No,Yes,No,Yes,Yes,Engineer
2020/11/17 11:52:32 PM GMT+7,1,2,1,Yes,Yes,Yes,Yes,Yes,Yes,Yes,Make them ordered,Strength and nature of ants,Cure for this injury,Night,Yes,Make them quite,Mathematics,Other,literature,Informative,Paper,Mindset to go to school,Fresh Mind,Sleeping,Browsing Internet,Yes,Yes,Yes,Yes,Yes,No,Yes,Yes,Yes,Yes,Yes,Yes,Yes,Yes,No,No,Yes,Yes,Yes,Yes,Engineer
"5/20/2023 11:56:35 PM +07:00",1,1,1,No,No,Yes,Yes,Yes,Not sure,Yes,Make them ordered,Discipline of ants,Cure for this injury,Morning,No,Make them quite,Mathematics,Biology,Programming,Formal,Paper,Mindset to go to school,Fresh Mind,Eating,Relaxing,Yes,No,Yes,Yes,Yes,Yes,No,No,Yes,Yes,No,No,Yes,No,No,No,Yes,Yes,Yes,Yes,Engineer
"5/20/2023 11:56:35 PM +07:00",2,1,2,No,Yes,Yes,Not sure,Yes,Yes,Yes,Ignore them,Discipline of ants,Cure for this injury,Morning,Yes,Search for a pattern in the noise,Bangla,Programming,Other,Funny,Font,Mindset to go to school,Fresh Mind,Eating,Watching TV,Not sure,No,Not sure,Not sure,Yes,Not sure,Yes,No,No,Yes,No,No,Yes,Not sure,Yes,Yes,Yes,No,Yes,Yes,Engineer
"5/20/2023 11:56:35 PM +07:00",2,2,1,Yes,No,No,Yes,Yes,Yes,Yes,Ignore them,Count of ants,Cure for this injury,Night,Yes,Ignore them,Sceince,Programming,Biology,Funny,Paper,Mindset to go to school,Healthy Brain,Reading,Relaxing,Yes,Yes,Yes,Yes,Not sure,No,Yes,Not sure,No,No,Yes,No,Yes,No,Not sure,Yes,No,No,No,Not sure,Engineer
"5/20/2023 11:56:35 PM +07:00",1,1,1,Not sure,Yes,Yes,No,Yes,Yes,No,Make them ordered,Count of ants,Cure for this injury,Morning,No,Make them quite,Sceince,Business Studies,Mathematics,Formal,Font,Dressed up accordingly,Healthy Brain,Relaxing,Sleeping,Yes,No,No,No,Not sure,No,Yes,No,No,Yes,Yes,Not sure,Yes,Yes,Yes,Yes,Yes,Yes,Not sure,No,Engineer
"5/20/2023 11:56:35 PM +07:00",1,0,2,No,No,Yes,No,Yes,Not sure,Yes,Make them ordered,Discipline of ants,Cure for this injury,Night,Not sure,Ignore them,Mathematics,Chemistry,Programming,Informative,Font,Mindset to go to school,Fresh Mind,Relaxing,Relaxing,Yes,Yes,Not sure,No,Yes,Yes,Yes,No,Yes,No,Yes,Yes,No,No,Yes,No,No,No,Yes,Yes,Engineer
"5/20/2023 11:56:35 PM +07:00",1,2,1,Yes,Yes,Yes,No,Yes,Not sure,No,Ignore them,Count of ants,Cure for this injury,Morning,No,Ignore them,Sceince,Mathematics,Business Studies,Funny,Paper,Mindset to go to school,Healthy Brain,Eating,Playing,Yes,Yes,Not sure,Yes,Not sure,No,No,Yes,No,Yes,Yes,Yes,Yes,No,Not sure,Yes,Yes,Yes,Yes,Yes,Business Related Profession
"5/20/2023 11:56:35 PM +07:00",1,1,0,No,Not sure,Yes,Yes,Yes,Yes,Not sure,Ignore them,Discipline of ants,Cure for this injury,Night,Yes,Ignore them,Mathematics,literature,Programming,Informative,Font,Dressed up accordingly,Healthy Body,Sleeping,Browsing Internet,Yes,No,Yes,Yes,Not sure,Yes,Yes,Yes,No,Yes,No,Not sure,Yes,Yes,No,No,No,Not sure,No,Yes,Engineer
"5/20/2023 11:56:35 PM +07:00",1,0,1,No,No,Yes,Not sure,Yes,Yes,No,Just keep them in a pile,Discipline of ants,How to prevent him from get injured in future,Morning,Yes,Ignore them,Sceince,Physics,Business Studies,Informative,Paper,Mindset to go to school,Healthy Body,Relaxing,Relaxing,Yes,Yes,Not sure,Not sure,Not sure,No,Yes,Yes,No,No,No,Yes,Yes,No,Yes,No,No,Yes,Not sure,No,Engineer
"5/20/2023 11:56:35 PM +07:00",2,2,2,Yes,No,Yes,Yes,Yes,Yes,Yes,Make them ordered,Discipline of ants,How to prevent him from get injured in future,Morning,No,Ignore them,Sceince,Mathematics,Programming,Funny,Paper,Mindset to go to school,Fresh Mind,Eating,Browsing Internet,Yes,Yes,Yes,Yes,No,Yes,Yes,Yes,No,Not sure,Yes,No,Yes,No,No,Yes,Yes,Yes,Yes,Yes,Business Related Profession
"5/20/2023 11:56:35 PM +07:00",1,1,2,Not sure,No,No,Yes,Yes,Yes,No,Just keep them in a pile,Strength and nature of ants,Cure for this injury,Morning,No,Make them quite,Drawing,Biology,Biology,Formal,Paper,Mindset to go to school,Healthy Body,Relaxing,Relaxing,Yes,Yes,Yes,No,No,No,No,Yes,No,Yes,Yes,No,No,Yes,Yes,Yes,No,No,Not sure,Not sure,Doctor
"5/20/2023 11:56:35 PM +07:00",1,1,1,No,No,No,Yes,Yes,Yes,Yes,Just keep them in a pile,Count of ants,How to prevent him from get injured in future,Morning,Yes,Ignore them,Mathematics,Other,Biology,Informative,Paper,Dressed up accordingly,Healthy Body,Eating,Other,Yes,Not sure,Yes,Yes,Not sure,Yes,No,Yes,Yes,Yes,Yes,No,Yes,No,No,Not sure,No,Yes,Yes,Yes,Engineer
"5/20/2023 11:56:35 PM +07:00",1,2,1,Not sure,Yes,Yes,Yes,Yes,No,Yes,Make them ordered,Discipline of ants,Cure for this injury,Night,No,Search for a pattern in the noise,Mathematics,Programming,Mathematics,Funny,Paper,Mindset to go to school,Healthy Brain,Eating,Browsing Internet,Yes,Yes,Yes,Not sure,Yes,No,Yes,Yes,No,Yes,Yes,No,Yes,Yes,No,Yes,Yes,No,Yes,Not sure,Engineer
"5/20/2023 11:56:35 PM +07:00",1,2,2,Not sure,No,No,Yes,Not sure,Yes,No,Just keep them in a pile,Strength and nature of ants,Cure for this injury,Morning,No,Make them quite,Drawing,Biology,Biology,Formal,Paper,Mindset to go to school,Healthy Body,Relaxing,Relaxing,Yes,Yes,Yes,No,No,No,No,Yes,No,Yes,Yes,No,Yes,Yes,Yes,Yes,No,No,Not sure,Not sure,Doctor
"5/20/2023 11:56:35 PM +07:00",2,0,1,Yes,No,No,Not sure,Yes,Not sure,No,Make them ordered,Strength and nature of ants,Cure for this injury,Morning,No,Ignore them,Bangla,Physics,Business Studies,Formal,Font,Mindset to go to school,Fresh Mind,Taking bath,Relaxing,Yes,Yes,Yes,Yes,Not sure,Yes,Yes,Yes,No,Yes,No,Yes,Not sure,No,Yes,No,No,No,Yes,Yes,Engineer
"5/20/2023 11:56:35 PM +07:00",1,2,1,Yes,No,Yes,Yes,No,Yes,No,Ignore them,Count of ants,Cure for this injury,Night,Yes,Ignore them,Sceince,Mathematics,Mathematics,Funny,Paper,Mindset to go to school,Fresh Mind,Eating,Playing,Yes,Yes,Yes,Yes,Not sure,No,No,Yes,No,No,Yes,Yes,Yes,No,No,No,Yes,Yes,No,No,Business Related Profession
"5/20/2023 11:56:35 PM +07:00",1,2,2,Not sure,No,No,Yes,Not sure,Yes,No,Just keep them in a pile,Strength and nature of ants,Cure for this injury,Morning,No,Make them quite,Drawing,Biology,Biology,Formal,Paper,Mindset to go to school,Healthy Body,Relaxing,Relaxing,Yes,Yes,Yes,Not sure,No,Yes,No,Yes,No,No,Yes,No,No,Yes,Yes,Yes,No,No,Not sure,Not sure,Doctor
"5/20/2023 11:56:35 PM +07:00",1,2,1,Yes,No,Yes,Yes,No,Yes,No,Make them ordered,Strength and nature of ants,How to prevent him from get injured in future,Night,No,Ignore them,Bangla,Business Studies,Mathematics,Funny,Paper,Mindset to go to school,Healthy Brain,Eating,Browsing Internet,Yes,Yes,Not sure,Yes,Not sure,No,Yes,Yes,No,Yes,Yes,Yes,Yes,Yes,Not sure,No,Yes,Yes,No,No,Business Related Profession
"5/20/2023 11:56:35 PM +07:00",2,0,2,No,Yes,No,Yes,Not sure,Yes,Yes,Make them ordered,Count of ants,Cure for this injury,Morning,No,Ignore them,Mathematics,Geography,Programming,Informative,Font,Mindset to go to school,Healthy Body,Eating,Browsing Internet,Yes,No,Yes,Yes,Yes,No,Yes,Yes,No,Yes,Yes,Not sure,No,Not sure,Not sure,No,Yes,Not sure,Yes,Yes,Engineer
"5/20/2023 11:56:35 PM +07:00",1,2,2,Not sure,No,No,Yes,Not sure,Yes,No,Just keep them in a pile,Strength and nature of ants,Cure for this injury,Morning,Not sure,Make them quite,Sceince,Biology,Biology,Formal,Paper,Mindset to go to school,Healthy Body,Relaxing,Relaxing,Yes,Yes,Yes,No,No,Yes,No,Yes,No,No,Yes,No,No,Yes,Yes,Yes,No,No,Not sure,Not sure,Doctor
"5/20/2023 11:56:35 PM +07:00",1,2,2,Not sure,No,No,Yes,Yes,Yes,No,Just keep them in a pile,Strength and nature of ants,Cure for this injury,Morning,No,Make them quite,Drawing,Biochemistry,Biology,Formal,Paper,Mindset to go to school,Healthy Body,Relaxing,Relaxing,Yes,Yes,Yes,Not sure,No,No,No,Yes,No,Yes,Yes,No,Yes,Yes,Yes,Yes,No,No,Not sure,Not sure,Doctor
"5/20/2023 11:56:35 PM +07:00",1,2,1,Yes,No,Yes,Yes,Yes,Yes,No,Make them ordered,Strength and nature of ants,How to prevent him from get injured in future,Night,Yes,Ignore them,Sceince,Business Studies,Mathematics,Formal,Paper,Mindset to go to school,Fresh Mind,Eating,Browsing Internet,Yes,Yes,Not sure,Yes,Not sure,No,Yes,Yes,No,Yes,Yes,No,Yes,No,Not sure,Yes,Yes,Yes,No,No,Business Related Profession
"5/20/2023 11:56:35 PM +07:00",1,1,2,Not sure,No,No,Yes,Yes,Yes,No,Just keep them in a pile,Strength and nature of ants,Cure for this injury,Morning,No,Make them quite,Drawing,Biology,Biology,Formal,Paper,Mindset to go to school,Healthy Body,Relaxing,Relaxing,Yes,Yes,Yes,No,No,Yes,No,Yes,No,No,Yes,No,No,Yes,Yes,Yes,No,No,Not sure,Not sure,Doctor
"5/20/2023 11:56:35 PM +07:00",1,1,1,Yes,No,No,Yes,Yes,Not sure,No,Make them ordered,Count of ants,How to prevent him from get injured in future,Morning,Yes,Ignore them,Mathematics,Other,Programming,Informative,Paper,Mindset to go to school,Healthy Body,Eating,Browsing Internet,Yes,No,No,Yes,Not sure,Yes,Yes,Yes,No,Yes,Yes,Yes,Yes,No,No,Yes,Yes,Yes,No,No,Engineer
"5/20/2023 11:56:35 PM +07:00",1,1,2,Not sure,No,No,Yes,Yes,Yes,No,Just keep them in a pile,Strength and nature of ants,Cure for this injury,Morning,Not sure,Make them quite,Sceince,Biochemistry,Biology,Formal,Paper,Dressed up accordingly,Healthy Body,Relaxing,Relaxing,Yes,Yes,Yes,No,No,Yes,No,Yes,No,Yes,Yes,No,Yes,Yes,Yes,Yes,No,No,Not sure,Not sure,Doctor
"5/20/2023 11:56:35 PM +07:00",1,0,0,Yes,Not sure,Yes,Yes,No,No,Yes,Make them ordered,Discipline of ants,Cure for this injury,Night,No,Make them quite,Mathematics,Business Studies,Mathematics,Formal,Font,Dressed up accordingly,Healthy Brain,Eating,Playing,Not sure,Yes,Not sure,Yes,Yes,Yes,Yes,Yes,No,No,Yes,Yes,No,Yes,No,Yes,No,Yes,Yes,No,Engineer
"5/20/2023 11:56:35 PM +07:00",1,2,2,Not sure,No,No,Yes,Not sure,Yes,No,Just keep them in a pile,Strength and nature of ants,Cure for this injury,Morning,Not sure,Make them quite,Sceince,Biology,Biology,Formal,Paper,Mindset to go to school,Healthy Body,Relaxing,Relaxing,Yes,Yes,Yes,No,No,No,No,Yes,No,Yes,Yes,No,No,Yes,Yes,Yes,No,No,Not sure,Not sure,Doctor
"5/20/2023 11:56:35 PM +07:00",1,2,2,Not sure,No,No,Yes,Yes,Yes,No,Just keep them in a pile,Strength and nature of ants,Cure for this injury,Morning,Not sure,Make them quite,Drawing,Biochemistry,Biology,Formal,Paper,Mindset to go to school,Healthy Body,Relaxing,Relaxing,Yes,Yes,Yes,Not sure,No,Yes,No,Yes,No,No,Yes,No,No,Yes,Yes,Yes,No,No,Not sure,Not sure,Doctor
"5/20/2023 11:56:35 PM +07:00",0,1,1,No,Not sure,Yes,No,Yes,Yes,Yes,Make them ordered,Discipline of ants,Cure for this injury,Night,No,Ignore them,Mathematics,Biology,Programming,Formal,Font,Mindset to go to school,Fresh Mind,Sleeping,Relaxing,Yes,Yes,Yes,Yes,Yes,No,Yes,Yes,Yes,Yes,No,No,Yes,No,No,Yes,No,Not sure,Yes,Yes,Engineer
"5/20/2023 11:56:35 PM +07:00",1,1,2,Not sure,No,No,Yes,Not sure,Yes,No,Just keep them in a pile,Strength and nature of ants,Cure for this injury,Morning,No,Make them quite,Drawing,Biology,Biology,Formal,Paper,Dressed up accordingly,Healthy Body,Relaxing,Relaxing,Yes,Yes,Yes,No,No,Yes,No,Yes,No,No,Yes,No,Yes,Yes,Yes,Yes,No,No,Not sure,Not sure,Doctor
"5/20/2023 11:56:35 PM +07:00",1,2,2,Yes,No,Yes,No,No,Not sure,No,Make them ordered,Count of ants,Cure for this injury,Night,No,Ignore them,Bangla,Business Studies,Business Studies,Funny,Paper,Mindset to go to school,Healthy Brain,Eating,Browsing Internet,Yes,Yes,Yes,Yes,Not sure,No,Yes,Yes,No,No,Yes,No,Yes,Yes,Not sure,Yes,Yes,Yes,Yes,No,Business Related Profession
"5/20/2023 11:56:35 PM +07:00",2,2,2,Not sure,No,No,Yes,Yes,Yes,Yes,Make them ordered,Strength and nature of ants,Cure for this injury,Morning,No,Ignore them,Sceince,Programming,Physics,Informative,Color,Mindset to go to school,Healthy Body,Relaxing,Relaxing,Yes,Not sure,Yes,Yes,Yes,No,Yes,Yes,Yes,Yes,Yes,No,Not sure,No,No,No,Yes,No,Yes,Yes,Engineer
"5/20/2023 11:56:35 PM +07:00",1,2,2,Yes,Yes,Yes,Yes,Yes,Yes,No,Make them ordered,Strength and nature of ants,How to prevent him from get injured in future,Morning,Yes,Ignore them,Bangla,Business Studies,Mathematics,Funny,Paper,Mindset to go to school,Healthy Brain,Eating,Browsing Internet,Yes,Yes,Yes,Yes,Not sure,No,No,Yes,No,Yes,Yes,Yes,Yes,No,Not sure,No,Yes,Yes,Yes,No,Business Related Profession
"5/20/2023 11:56:35 PM +07:00",1,2,2,Not sure,No,Yes,Not sure,Yes,Yes,Not sure,Make them ordered,Count of ants,Cure for this injury,Morning,No,Ignore them,Mathematics,Physics,Programming,Formal,Font,Mindset to go to school,Healthy Body,Sleeping,Reading,Yes,Not sure,Yes,Yes,Not sure,Yes,Yes,No,Yes,Yes,Yes,Not sure,No,No,Yes,Not sure,Yes,Yes,No,No,Engineer
"5/20/2023 11:56:35 PM +07:00",1,1,2,Not sure,No,No,Yes,Yes,Yes,No,Just keep them in a pile,Strength and nature of ants,Cure for this injury,Morning,No,Make them quite,Sceince,Biology,Biology,Formal,Paper,Dressed up accordingly,Healthy Body,Relaxing,Relaxing,Yes,Yes,Yes,Not sure,No,No,No,Yes,No,No,Yes,No,Yes,Yes,Yes,Yes,No,No,Not sure,Not sure,Doctor
"5/20/2023 11:56:35 PM +07:00",1,2,1,Yes,No,Yes,Yes,No,Yes,No,Make them ordered,Strength and nature of ants,Cure for this injury,Morning,No,Ignore them,Bangla,Business Studies,Mathematics,Formal,Paper,Mindset to go to school,Healthy Brain,Eating,Playing,Yes,Yes,Not sure,Yes,Not sure,No,No,Yes,No,No,Yes,Yes,Yes,No,No,Yes,Yes,Yes,Yes,No,Business Related Profession
"5/20/2023 11:56:35 PM +07:00",1,0,1,Not sure,No,Yes,Yes,Yes,No,Yes,Ignore them,Count of ants,Cure for this injury,Morning,No,Search for a pattern in the noise,Religious Studies,Programming,Biology,Funny,Font,Mindset to go to school,Healthy Body,Eating,Relaxing,Yes,Yes,Yes,Yes,Not sure,Yes,Yes,No,No,No,No,No,Yes,Yes,No,No,Yes,Not sure,Yes,No,Engineer
"5/20/2023 11:56:35 PM +07:00",2,2,1,Yes,No,Yes,Yes,Yes,Yes,No,Ignore them,Discipline of ants,Cure for this injury,Night,No,Ignore them,Sceince,Physics,Business Studies,Funny,Paper,Mindset to go to school,Healthy Brain,Eating,Playing,Yes,Not sure,Yes,Yes,Yes,No,Yes,Yes,No,No,Yes,Yes,Yes,Yes,Yes,No,No,Not sure,No,No,Business Related Profession
"5/20/2023 11:56:35 PM +07:00",1,1,1,No,No,No,Yes,Yes,No,Yes,Make them ordered,Strength and nature of ants,How to prevent him from get injured in future,Night,No,Search for a pattern in the noise,Bangla,literature,Programming,Informative,Paper,Mindset to go to school,Fresh Mind,Eating,Relaxing,Yes,No,Yes,Yes,Yes,Yes,No,Not sure,No,No,Not sure,Yes,No,Yes,Yes,No,Yes,Yes,Yes,Not sure,Engineer
"5/20/2023 11:56:35 PM +07:00",1,2,2,Not sure,No,No,Yes,Yes,Yes,No,Just keep them in a pile,Strength and nature of ants,Cure for this injury,Morning,Not sure,Make them quite,Drawing,Biochemistry,Biology,Formal,Paper,Mindset to go to school,Healthy Body,Relaxing,Relaxing,Yes,Yes,Yes,Not sure,No,Yes,No,Yes,No,No,Yes,No,No,Yes,Yes,Yes,No,No,Not sure,Not sure,Doctor
"5/20/2023 11:56:35 PM +07:00",0,2,1,Yes,No,Yes,Yes,Yes,Yes,Yes,Make them ordered,Count of ants,Cure for this injury,Morning,Yes,Search for a pattern in the noise,Bangla,Chemistry,Programming,Informative,Paper,Dressed up accordingly,Healthy Body,Sleeping,Relaxing,Yes,No,Yes,Not sure,Yes,Yes,Yes,Yes,No,No,Not sure,Not sure,Not sure,Yes,No,Not sure,Yes,No,Yes,Yes,Engineer
"5/20/2023 11:56:35 PM +07:00",1,1,2,Not sure,No,No,Yes,Yes,Yes,No,Just keep them in a pile,Strength and nature of ants,Cure for this injury,Morning,Not sure,Make them quite,Drawing,Biochemistry,Biology,Formal,Paper,Mindset to go to school,Healthy Body,Relaxing,Relaxing,Yes,Yes,Yes,No,No,No,No,Yes,No,Yes,Yes,No,Yes,Yes,Yes,Yes,No,No,Not sure,Not sure,Doctor
"5/20/2023 11:56:35 PM +07:00",1,1,1,No,No,Yes,Yes,Yes,Yes,Yes,Just keep them in a pile,Discipline of ants,What was his mistake,Morning,Not sure,Make them quite,Sceince,Mathematics,Physics,Funny,Font,Mindset to go to school,Fresh Mind,Eating,Relaxing,Yes,Yes,No,No,No,Yes,Yes,Yes,No,No,Yes,No,Yes,Yes,No,No,No,No,Yes,No,Engineer
"5/20/2023 11:56:35 PM +07:00",1,2,2,Yes,No,Yes,No,No,Not sure,No,Make them ordered,Strength and nature of ants,How to prevent him from get injured in future,Morning,No,Ignore them,Sceince,Business Studies,Mathematics,Formal,Paper,Mindset to go to school,Healthy Brain,Eating,Browsing Internet,Yes,Yes,Not sure,Yes,Not sure,No,Yes,Yes,No,Yes,Yes,Yes,Yes,No,No,No,Yes,Yes,No,No,Business Related Profession
"5/20/2023 11:56:35 PM +07:00",2,1,1,Yes,Yes,Yes,No,No,No,Yes,Make them ordered,Strength and nature of ants,How to prevent him from get injured in future,Night,No,Ignore them,Sceince,Physics,Programming,Funny,Paper,Mindset to go to school,Fresh Mind,Eating,Browsing Internet,Yes,Not sure,Yes,Yes,Yes,No,Yes,Yes,No,No,Not sure,No,Yes,Yes,Not sure,Yes,Yes,Yes,No,Not sure,Engineer
"5/20/2023 11:56:35 PM +07:00",2,1,1,Not sure,No,Yes,Not sure,Yes,No,Yes,Make them ordered,Strength and nature of ants,Cure for this injury,Night,Not sure,Ignore them,Mathematics,Chemistry,Programming,Informative,Font,Dressed up accordingly,Healthy Body,Eating,Reading,Yes,Yes,Yes,Yes,Yes,Yes,Yes,No,Yes,Yes,Yes,Yes,Yes,No,Yes,No,No,No,Yes,No,Business Related Profession
"5/20/2023 11:56:35 PM +07:00",1,2,2,Yes,Yes,Yes,No,Yes,Not sure,No,Make them ordered,Strength and nature of ants,Cure for this injury,Night,Yes,Ignore them,Sceince,Mathematics,Business Studies,Formal,Paper,Mindset to go to school,Healthy Brain,Eating,Playing,Yes,Yes,Not sure,Yes,Not sure,No,Yes,Yes,No,No,Yes,No,Yes,Yes,No,No,Yes,Yes,Yes,Yes,Business Related Profession
"5/20/2023 11:56:35 PM +07:00",2,0,2,Yes,No,Yes,No,Yes,No,Yes,Make them ordered,Discipline of ants,Cure for this injury,Night,Not sure,Ignore them,English,Programming,Other,Funny,Font,Mindset to go to school,Fresh Mind,Relaxing,Relaxing,Not sure,Not sure,Not sure,Yes,Yes,No,Yes,No,Yes,No,Not sure,Yes,Yes,No,Yes,No,No,Not sure,Yes,Not sure,Engineer
"5/20/2023 11:56:35 PM +07:00",1,2,2,Yes,No,Yes,No,No,Not sure,No,Make them ordered,Count of ants,Cure for this injury,Night,No,Ignore them,Bangla,Business Studies,Business Studies,Funny,Paper,Mindset to go to school,Healthy Brain,Eating,Browsing Internet,Yes,Yes,Yes,Yes,Not sure,No,Yes,Yes,No,No,Yes,No,Yes,Yes,Not sure,Yes,Yes,Yes,Yes,No,Business Related Profession
"5/20/2023 11:56:35 PM +07:00",1,2,1,Yes,Yes,Yes,No,No,Yes,No,Make them ordered,Strength and nature of ants,Cure for this injury,Morning,Yes,Ignore them,Sceince,Business Studies,Mathematics,Funny,Paper,Mindset to go to school,Healthy Brain,Eating,Browsing Internet,Yes,Yes,Not sure,Yes,Not sure,No,Yes,Yes,No,Yes,Yes,No,Yes,No,No,Yes,Yes,Yes,Yes,No,Business Related Profession
"5/20/2023 11:56:35 PM +07:00",1,1,2,Yes,No,No,No,No,Not sure,No,Just keep them in a pile,Strength and nature of ants,Cure for this injury,Morning,Yes,Make them quite,Drawing,Biology,Programming,Informative,Font,Mindset to go to school,Healthy Body,Eating,Reading,Yes,Yes,Yes,Not sure,Yes,No,Yes,Yes,No,No,Yes,No,Yes,No,No,Yes,Yes,Not sure,No,Not sure,Business Related Profession
"5/20/2023 11:56:35 PM +07:00",1,1,2,Yes,No,No,Not sure,Yes,Yes,Yes,Make them ordered,Count of ants,What was his mistake,Night,No,Ignore them,Mathematics,Physics,Other,Funny,Font,Mindset to go to school,Healthy Body,Eating,Gossiping,Yes,Not sure,Yes,Yes,Yes,Yes,No,Yes,Yes,Yes,Not sure,Yes,Yes,Not sure,No,No,Yes,No,Yes,No,Engineer
2021/07/02 1:50:28 AM GMT+7,1,2,2,Not sure,No,No,Yes,Not sure,Yes,No,Just keep them in a pile,Strength and nature of ants,Cure for this injury,Morning,Not sure,Make them quite,Drawing,Biochemistry,Biology,Formal,Paper,Dressed up accordingly,Healthy Body,Relaxing,Relaxing,Yes,Yes,Yes,Not sure,No,Yes,No,Yes,No,Yes,Yes,No,No,Yes,Yes,Yes,No,No,Not sure,Not sure,Doctor
"5/20/2023 11:56:35 PM +07:00",1,1,1,Yes,No,Yes,No,Yes,No,Yes,Make them ordered,Count of ants,What was his mistake,Night,No,Ignore them,Sceince,Physics,Physics,Funny,Paper,Dressed up accordingly,Healthy Body,Sleeping,Reading,Yes,Yes,No,No,No,No,Yes,No,No,No,Yes,Yes,Yes,Not sure,No,No,Yes,Yes,Yes,Yes,Engineer
"5/20/2023 11:56:35 PM +07:00",1,2,2,Not sure,No,No,Yes,Yes,Yes,No,Just keep them in a pile,Strength and nature of ants,Cure for this injury,Morning,No,Make them quite,Drawing,Biochemistry,Biology,Formal,Paper,Dressed up accordingly,Healthy Body,Relaxing,Relaxing,Yes,Yes,Yes,No,No,Yes,No,Yes,No,No,Yes,No,Yes,Yes,Yes,Yes,No,No,Not sure,Not sure,Doctor
"5/20/2023 11:56:35 PM +07:00",1,2,1,Yes,No,Yes,No,No,Not sure,No,Make them ordered,Count of ants,Cure for this injury,Night,No,Ignore them,Bangla,Mathematics,Mathematics,Funny,Paper,Mindset to go to school,Healthy Brain,Eating,Playing,Yes,Yes,Not sure,Yes,Not sure,No,Yes,Yes,No,No,Yes,Yes,Yes,No,Not sure,No,Yes,Yes,No,No,Business Related Profession
2020/11/29 12:51:52 AM GMT+7,1,2,2,Yes,No,Yes,Yes,No,Yes,No,Make them ordered,Strength and nature of ants,How to prevent him from get injured in future,Night,No,Ignore them,Bangla,Business Studies,Business Studies,Formal,Paper,Mindset to go to school,Fresh Mind,Eating,Playing,Yes,Yes,Yes,Yes,Not sure,No,No,Yes,No,Yes,Yes,No,Yes,Yes,Not sure,Yes,Yes,Yes,No,No,Business Related Profession
"5/20/2023 11:56:35 PM +07:00",2,2,1,No,Yes,No,Yes,Not sure,No,Yes,Ignore them,Discipline of ants,Cure for this injury,Night,Yes,Search for a pattern in the noise,Drawing,Mathematics,Physics,Funny,Paper,Dressed up accordingly,Fresh Mind,Sleeping,Reading,Yes,Yes,Not sure,Yes,Yes,Yes,Yes,Yes,No,Yes,Yes,Not sure,Yes,Yes,Yes,No,Yes,Yes,Yes,Yes,Engineer
"5/20/2023 11:56:35 PM +07:00",1,1,0,Yes,No,Yes,Yes,Yes,No,Yes,Make them ordered,Strength and nature of ants,Cure for this injury,Night,Yes,Ignore them,Drawing,Chemistry,Physics,Funny,Font,Mindset to go to school,Healthy Brain,Eating,Relaxing,Yes,No,Yes,Yes,No,No,Yes,Yes,No,Yes,No,Yes,Yes,Yes,Yes,Yes,No,Yes,Yes,Yes,Business Related Profession
"5/20/2023 11:56:35 PM +07:00",1,1,2,Not sure,No,No,Yes,Yes,Yes,No,Just keep them in a pile,Strength and nature of ants,Cure for this injury,Morning,No,Make them quite,Sceince,Biochemistry,Biology,Formal,Paper,Dressed up accordingly,Healthy Body,Relaxing,Relaxing,Yes,Yes,Yes,No,No,No,No,Yes,No,Yes,Yes,No,Yes,Yes,Yes,Yes,No,No,Not sure,Not sure,Doctor
"5/20/2023 11:56:35 PM +07:00",2,1,2,No,No,Yes,No,Yes,Yes,Yes,Just keep them in a pile,Discipline of ants,Cure for this injury,Morning,No,Ignore them,Drawing,literature,Biology,Funny,Paper,Mindset to go to school,Healthy Body,Relaxing,Sleeping,Yes,Not sure,Yes,Yes,Yes,Yes,Yes,Yes,No,Yes,Yes,No,Yes,No,Yes,No,Yes,Yes,Yes,No,Engineer
"5/20/2023 11:56:35 PM +07:00",1,1,2,Yes,Yes,Yes,No,Yes,No,No,Make them ordered,Discipline of ants,Cure for this injury,Morning,Yes,Make them quite,Bangla,Programming,Physics,Funny,Paper,Mindset to go to school,Healthy Body,Relaxing,Browsing Internet,Yes,No,Yes,Yes,Yes,Yes,Yes,Yes,No,No,Yes,Not sure,Yes,Yes,Yes,Yes,No,No,Yes,No,Engineer
"5/20/2023 11:56:35 PM +07:00",1,2,1,Yes,No,Yes,No,Yes,Not sure,No,Ignore them,Count of ants,Cure for this injury,Night,No,Ignore them,Sceince,Business Studies,Mathematics,Funny,Paper,Mindset to go to school,Healthy Brain,Eating,Playing,Yes,Yes,Yes,Yes,Not sure,No,No,Yes,No,Yes,Yes,No,Yes,No,Not sure,No,Yes,Yes,Yes,No,Business Related Profession
"5/20/2023 11:56:35 PM +07:00",1,2,2,Not sure,No,No,Yes,Not sure,Yes,No,Just keep them in a pile,Strength and nature of ants,Cure for this injury,Morning,No,Make them quite,Drawing,Biology,Biology,Formal,Paper,Mindset to go to school,Healthy Body,Relaxing,Relaxing,Yes,Yes,Yes,No,No,No,No,Yes,No,Yes,Yes,No,Yes,Yes,Yes,Yes,No,No,Not sure,Not sure,Doctor
"5/20/2023 11:56:35 PM +07:00",2,0,1,Yes,No,Yes,Not sure,Yes,Yes,Yes,Just keep them in a pile,Strength and nature of ants,How to prevent him from get injured in future,Night,No,Ignore them,Other,literature,Programming,Informative,Paper,Dressed up accordingly,Healthy Body,Sleeping,Relaxing,Yes,Yes,Yes,Not sure,Yes,Yes,Yes,No,Yes,No,Yes,Yes,Yes,Yes,No,No,No,No,Not sure,Yes,Engineer
"5/20/2023 11:56:35 PM +07:00",1,1,2,No,Yes,Yes,Yes,Yes,Yes,Yes,Make them ordered,Discipline of ants,Cure for this injury,Night,No,Make them quite,Other,Mathematics,Programming,Funny,Paper,Mindset to go to school,Healthy Body,Eating,Reading,Yes,No,No,Yes,Yes,No,Yes,No,Yes,No,Yes,No,Yes,No,Yes,No,No,Not sure,No,No,Engineer
"5/20/2023 11:56:35 PM +07:00",1,2,2,Yes,Yes,No,Yes,Not sure,Yes,Yes,Make them ordered,Discipline of ants,How to prevent him from get injured in future,Morning,No,Ignore them,Sceince,Programming,Physics,Informative,Paper,Mindset to go to school,Healthy Body,Eating,Browsing Internet,Yes,No,Yes,Yes,No,Yes,No,Yes,No,Yes,Yes,No,Yes,No,Yes,No,Yes,Not sure,Yes,No,Engineer
"5/20/2023 11:56:35 PM +07:00",2,0,1,No,Yes,Yes,No,Yes,No,Yes,Ignore them,Strength and nature of ants,How to prevent him from get injured in future,Morning,Yes,Ignore them,Mathematics,Other,Programming,Informative,Paper,Mindset to go to school,Healthy Body,Relaxing,Browsing Internet,Yes,No,Yes,Not sure,Yes,No,Yes,Yes,No,Yes,No,Not sure,Yes,No,Yes,Yes,No,No,Yes,Yes,Engineer
"5/20/2023 11:56:35 PM +07:00",1,2,1,Yes,No,No,No,Yes,Not sure,No,Make them ordered,Discipline of ants,Cure for this injury,Night,No,Ignore them,Sceince,Programming,Programming,Informative,Paper,Mindset to go to school,Fresh Mind,Sleeping,Playing,Yes,No,Yes,Yes,Not sure,Yes,No,Not sure,No,No,No,No,Yes,No,No,Yes,No,Yes,Yes,Yes,Business Related Profession
"5/20/2023 11:56:35 PM +07:00",0,0,2,No,Yes,Yes,Not sure,Not sure,No,No,Ignore them,Strength and nature of ants,Cure for this injury,Night,Yes,Search for a pattern in the noise,Mathematics,Physics,Chemistry,Funny,Font,Mindset to go to school,Healthy Body,Sleeping,Playing,Yes,Yes,Yes,Yes,No,Yes,Yes,Yes,No,Yes,Not sure,Yes,Yes,No,Yes,No,No,No,Yes,Yes,Engineer
"5/20/2023 11:56:35 PM +07:00",2,1,2,No,No,Yes,Yes,Yes,Yes,Not sure,Make them ordered,Count of ants,Cure for this injury,Night,No,Make them quite,Bangla,Mathematics,Mathematics,Formal,Color,Mindset to go to school,Healthy Body,Reading,Watching TV,Yes,Yes,No,Not sure,No,No,Yes,No,No,No,Yes,No,Yes,No,Yes,Yes,Yes,Yes,Yes,No,Engineer
"5/20/2023 11:56:35 PM +07:00",0,2,1,No,No,Yes,Not sure,Yes,Not sure,Yes,Ignore them,Discipline of ants,Cure for this injury,Morning,Yes,Ignore them,Religious Studies,Physics,Physics,Formal,Paper,Mindset to go to school,Healthy Body,Relaxing,Reading,Yes,No,Not sure,Not sure,Not sure,No,Yes,No,Yes,No,Yes,No,Yes,Yes,Not sure,Not sure,No,Yes,No,No,Engineer
2020/11/07 7:16:44 PM GMT+7,2,2,1,No,Not sure,No,Not sure,Not sure,Yes,Yes,Just keep them in a pile,Strength and nature of ants,Cure for this injury,Night,Not sure,Search for a pattern in the noise,Mathematics,Physics,Programming,Informative,Font,Mindset to go to school,Healthy Body,Eating,Playing,Yes,Yes,Yes,Yes,No,Not sure,Yes,No,No,Yes,Yes,Not sure,Yes,Not sure,Yes,Yes,No,No,Yes,No,Engineer
"5/20/2023 11:56:35 PM +07:00",1,1,2,Not sure,No,No,Yes,Not sure,Yes,No,Just keep them in a pile,Strength and nature of ants,Cure for this injury,Morning,No,Make them quite,Sceince,Biochemistry,Biology,Formal,Paper,Dressed up accordingly,Healthy Body,Relaxing,Relaxing,Yes,Yes,Yes,Not sure,No,Yes,No,Yes,No,Yes,Yes,No,Yes,Yes,Yes,Yes,No,No,Not sure,Not sure,Doctor
2020/11/17 10:58:21 PM GMT+7,1,0,2,No,Yes,Yes,No,Yes,No,Yes,Make them ordered,Discipline of ants,Cure for this injury,Night,Yes,Ignore them,Sceince,literature,Physics,Funny,Paper,Mindset to go to school,Healthy Body,Sleeping,Relaxing,Yes,Not sure,No,Yes,Yes,No,Yes,No,No,Yes,Yes,Yes,Yes,Yes,No,No,No,Yes,Yes,No,Engineer
"5/20/2023 11:56:35 PM +07:00",1,2,2,Not sure,No,No,Yes,Not sure,Yes,No,Just keep them in a pile,Strength and nature of ants,Cure for this injury,Morning,Not sure,Make them quite,Drawing,Biochemistry,Biology,Formal,Paper,Mindset to go to school,Healthy Body,Relaxing,Relaxing,Yes,Yes,Yes,No,No,No,No,Yes,No,No,Yes,No,No,Yes,Yes,Yes,No,No,Not sure,Not sure,Doctor
"5/20/2023 11:56:35 PM +07:00",1,2,2,Not sure,No,Yes,Yes,Yes,No,Yes,Ignore them,Discipline of ants,Cure for this injury,Afternoon,Yes,Ignore them,Sceince,Other,Mathematics,Formal,Paper,Mindset to go to school,Fresh Mind,Eating,Sleeping,Yes,Yes,Yes,Not sure,Yes,No,Yes,Yes,No,Yes,Not sure,No,Yes,No,Not sure,Yes,No,Yes,No,Yes,Engineer
"5/20/2023 11:56:35 PM +07:00",1,1,1,Not sure,No,No,Yes,Not sure,Yes,Yes,Just keep them in a pile,Strength and nature of ants,Cure for this injury,Morning,No,Ignore them,Mathematics,Programming,Programming,Informative,Font,Mindset to go to school,Healthy Body,Relaxing,Relaxing,Yes,No,Yes,Yes,Yes,Not sure,No,Yes,No,No,No,No,No,No,No,Yes,No,No,Not sure,Yes,Engineer
2020/11/17 11:20:52 PM GMT+7,2,1,1,Yes,No,Yes,Not sure,Yes,Yes,Yes,Ignore them,Count of ants,Cure for this injury,Morning,Yes,Ignore them,Sceince,History,Programming,Informative,Color,Mindset to go to school,Fresh Mind,Relaxing,Other,Yes,Yes,Yes,Yes,Yes,Yes,Yes,Yes,No,Yes,Yes,Yes,Yes,Yes,Yes,Yes,No,No,Not sure,Not sure,Engineer
"5/20/2023 11:56:35 PM +07:00",1,1,2,Not sure,No,Yes,No,Yes,Yes,Yes,Make them ordered,Count of ants,Cure for this injury,Morning,Not sure,Make them quite,Sceince,literature,Business Studies,Funny,Color,Mindset to go to school,Healthy Body,Sleeping,Browsing Internet,Yes,Yes,Yes,Not sure,Not sure,Yes,No,Yes,Yes,Yes,No,No,Yes,No,No,No,Yes,Yes,Yes,Yes,Engineer
"5/20/2023 11:56:35 PM +07:00",2,1,1,No,No,Yes,Not sure,Yes,No,Yes,Make them ordered,Strength and nature of ants,Cure for this injury,Morning,No,Make them quite,Other,Programming,Physics,Funny,Paper,Mindset to go to school,Healthy Brain,Relaxing,Relaxing,Yes,No,Yes,Yes,Yes,No,Yes,Yes,Yes,Yes,Yes,No,Yes,Not sure,No,Yes,No,No,Yes,Yes,Engineer
"5/20/2023 11:56:35 PM +07:00",1,2,2,Yes,Yes,Yes,No,Yes,Yes,No,Ignore them,Strength and nature of ants,How to prevent him from get injured in future,Morning,Yes,Ignore them,Bangla,Business Studies,Mathematics,Funny,Paper,Mindset to go to school,Healthy Brain,Eating,Playing,Yes,Yes,Not sure,Yes,Not sure,No,No,Yes,No,No,Yes,No,Yes,Yes,Not sure,Yes,Yes,Yes,Yes,No,Business Related Profession
"5/20/2023 11:56:35 PM +07:00",1,1,1,Not sure,Yes,Yes,No,Not sure,Yes,No,Just keep them in a pile,Count of ants,Cure for this injury,Morning,No,Ignore them,Other,Biology,Mathematics,Funny,Paper,Mindset to go to school,Fresh Mind,Eating,Playing,Yes,Yes,Yes,Not sure,Not sure,Yes,No,Yes,No,No,Yes,Yes,Yes,No,No,No,No,Yes,No,Not sure,Engineer
"5/20/2023 11:56:35 PM +07:00",0,1,2,Not sure,No,Yes,Yes,Yes,Not sure,Yes,Make them ordered,Count of ants,Cure for this injury,Morning,Yes,Ignore them,Bangla,Chemistry,Programming,Funny,Paper,Mindset to go to school,Healthy Brain,Eating,Playing,Not sure,Yes,Yes,Yes,Yes,Yes,Yes,Yes,Yes,No,Not sure,No,Yes,Yes,No,No,Yes,Yes,Yes,Yes,Business Related Profession
"5/20/2023 11:56:35 PM +07:00",1,0,2,Not sure,Yes,Yes,Yes,Yes,Yes,Yes,Just keep them in a pile,Strength and nature of ants,How to prevent him from get injured in future,Morning,No,Ignore them,Mathematics,Programming,Chemistry,Informative,Font,Mindset to go to school,Fresh Mind,Relaxing,Relaxing,Yes,No,Yes,Yes,Yes,Yes,Yes,Yes,No,No,No,Yes,Yes,Not sure,No,Yes,No,Yes,Not sure,Not sure,Engineer
2020/11/17 11:20:52 PM GMT+7,2,1,1,Yes,No,Yes,Not sure,Yes,Yes,Yes,Ignore them,Count of ants,Cure for this injury,Morning,Yes,Ignore them,Sceince,History,Programming,Informative,Color,Mindset to go to school,Fresh Mind,Relaxing,Other,Yes,Yes,Yes,Yes,Yes,Yes,Yes,Yes,No,Yes,Yes,Yes,Yes,Yes,Yes,Yes,No,No,Not sure,Not sure,Engineer
"5/20/2023 11:56:35 PM +07:00",1,1,1,Not sure,Yes,Yes,No,Yes,Yes,No,Make them ordered,Count of ants,Cure for this injury,Morning,No,Make them quite,Sceince,Business Studies,Mathematics,Formal,Font,Dressed up accordingly,Healthy Brain,Relaxing,Sleeping,Yes,No,No,No,Not sure,No,Yes,No,No,Yes,Yes,Not sure,Yes,Yes,Yes,Yes,Yes,Yes,Not sure,No,Engineer
"5/20/2023 11:56:35 PM +07:00",1,2,0,No,No,No,No,Yes,Yes,Yes,Make them ordered,Strength and nature of ants,Cure for this injury,Morning,No,Ignore them,Sceince,Business Studies,Other,Informative,Paper,Mindset to go to school,Healthy Body,Sleeping,Reading,Yes,No,Not sure,Yes,No,Yes,Yes,No,Yes,No,Yes,No,Yes,No,Yes,No,Yes,Yes,Yes,Yes,Engineer
"5/20/2023 11:56:35 PM +07:00",1,1,1,Yes,Yes,Yes,Yes,No,No,Yes,Make them ordered,Count of ants,Cure for this injury,Night,Not sure,Ignore them,Drawing,Physics,Programming,Formal,Paper,Mindset to go to school,Healthy Brain,Sleeping,Relaxing,Yes,Yes,Not sure,Yes,Yes,No,Yes,Yes,No,No,Yes,Yes,Yes,Yes,Yes,No,Yes,Yes,No,No,Engineer
"5/20/2023 11:56:35 PM +07:00",1,0,2,No,No,Yes,Yes,Yes,No,Yes,Make them ordered,Strength and nature of ants,Cure for this injury,Night,Not sure,Make them quite,Mathematics,Mathematics,Programming,Funny,Font,Mindset to go to school,Fresh Mind,Eating,Watching TV,Yes,No,Yes,Yes,No,No,No,Yes,No,No,No,No,Yes,Yes,Yes,Yes,Yes,Not sure,Yes,Not sure,Engineer
"5/20/2023 11:56:35 PM +07:00",1,1,1,No,No,Yes,Yes,No,Yes,No,Make them ordered,Discipline of ants,Cure for this injury,Night,Yes,Make them quite,Mathematics,Other,Chemistry,Informative,Paper,Mindset to go to school,Healthy Body,Sleeping,Relaxing,Yes,Yes,No,Yes,Yes,Yes,Yes,No,No,No,No,Yes,Yes,No,No,No,No,Not sure,No,Not sure,Engineer
"5/20/2023 11:56:35 PM +07:00",1,1,0,Yes,Yes,No,Not sure,Yes,Yes,No,Make them ordered,Count of ants,Cure for this injury,Morning,No,Ignore them,Sceince,Business Studies,Business Studies,Funny,Paper,Mindset to go to school,Healthy Body,Reading,Playing,Yes,Yes,Yes,Yes,No,No,No,Yes,No,Yes,Yes,Not sure,No,No,Yes,Yes,No,Yes,Yes,No,Engineer
"5/20/2023 11:56:35 PM +07:00",2,2,2,Yes,Yes,Yes,Yes,Yes,No,Yes,Make them ordered,Strength and nature of ants,How to prevent him from get injured in future,Morning,No,Ignore them,Mathematics,Business Studies,Mathematics,Funny,Font,Dressed up accordingly,Healthy Brain,Eating,Relaxing,Yes,Yes,Yes,Yes,Yes,No,Yes,Yes,No,Yes,Yes,No,Yes,No,No,Yes,No,No,Yes,Not sure,Engineer
"5/20/2023 11:56:35 PM +07:00",2,1,2,Yes,No,No,Not sure,Not sure,Not sure,Yes,Ignore them,Count of ants,Cure for this injury,Night,No,Search for a pattern in the noise,Mathematics,Mathematics,Programming,Informative,Font,Mindset to go to school,Healthy Body,Sleeping,Other,Yes,Not sure,Not sure,Yes,No,No,Yes,No,Yes,Yes,No,Not sure,Yes,No,Yes,Not sure,No,Yes,No,No,Engineer
"5/20/2023 11:56:35 PM +07:00",2,0,2,Yes,No,Yes,No,Yes,No,Yes,Make them ordered,Discipline of ants,Cure for this injury,Night,Not sure,Ignore them,English,Programming,Other,Funny,Font,Mindset to go to school,Fresh Mind,Relaxing,Relaxing,Not sure,Not sure,Not sure,Yes,Yes,No,Yes,No,Yes,No,Not sure,Yes,Yes,No,Yes,No,No,Not sure,Yes,Not sure,Engineer
"5/20/2023 11:56:35 PM +07:00",1,1,2,Not sure,No,No,Yes,Yes,Yes,No,Just keep them in a pile,Strength and nature of ants,Cure for this injury,Morning,Not sure,Make them quite,Drawing,Biochemistry,Biology,Formal,Paper,Mindset to go to school,Healthy Body,Relaxing,Relaxing,Yes,Yes,Yes,No,No,Yes,No,Yes,No,No,Yes,No,Yes,Yes,Yes,Yes,No,No,Not sure,Not sure,Doctor
2021/07/02 1:24:14 AM GMT+7,1,1,2,Not sure,No,No,Yes,Yes,Yes,No,Just keep them in a pile,Strength and nature of ants,Cure for this injury,Morning,No,Make them quite,Sceince,Biology,Biology,Formal,Paper,Mindset to go to school,Healthy Body,Relaxing,Relaxing,Yes,Yes,Yes,No,No,No,No,Yes,No,No,Yes,No,Yes,Yes,Yes,Yes,No,No,Not sure,Not sure,Doctor
"5/20/2023 11:56:35 PM +07:00",1,1,1,No,No,No,Yes,Yes,Yes,Yes,Just keep them in a pile,Count of ants,How to prevent him from get injured in future,Morning,Yes,Ignore them,Mathematics,Other,Biology,Informative,Paper,Dressed up accordingly,Healthy Body,Eating,Other,Yes,Not sure,Yes,Yes,Not sure,Yes,No,Yes,Yes,Yes,Yes,No,Yes,No,No,Not sure,No,Yes,Yes,Yes,Engineer
"5/20/2023 11:56:35 PM +07:00",0,1,2,No,No,Yes,Yes,No,Not sure,No,Just keep them in a pile,Discipline of ants,How to prevent him from get injured in future,Night,No,Ignore them,Sceince,Chemistry,Biology,Funny,Paper,Dressed up accordingly,Healthy Body,Relaxing,Browsing Internet,Yes,Yes,Yes,No,Yes,No,Yes,Yes,No,No,Yes,No,Not sure,Yes,Not sure,Yes,Yes,Not sure,Not sure,No,Engineer
"5/20/2023 11:56:35 PM +07:00",1,0,2,Yes,No,Yes,Yes,Yes,No,Yes,Make them ordered,Count of ants,How to prevent him from get injured in future,Night,Yes,Ignore them,Mathematics,literature,Programming,Funny,Paper,Mindset to go to school,Healthy Body,Sleeping,Other,Not sure,Yes,No,Yes,No,Yes,Yes,Yes,No,Yes,Yes,Not sure,No,No,Yes,No,Yes,No,Yes,Not sure,Engineer
"5/20/2023 11:56:35 PM +07:00",1,2,2,Not sure,No,No,Yes,Yes,Yes,No,Just keep them in a pile,Strength and nature of ants,Cure for this injury,Morning,Not sure,Make them quite,Sceince,Biology,Biology,Formal,Paper,Dressed up accordingly,Healthy Body,Relaxing,Relaxing,Yes,Yes,Yes,No,No,Yes,No,Yes,No,Yes,Yes,No,Yes,Yes,Yes,Yes,No,No,Not sure,Not sure,Doctor
"5/20/2023 11:56:35 PM +07:00",2,2,1,Yes,No,Yes,Not sure,Yes,No,Not sure,Just keep them in a pile,Count of ants,Cure for this injury,Morning,No,Ignore them,Mathematics,Chemistry,Programming,Funny,Paper,Mindset to go to school,Fresh Mind,Eating,Reading,Yes,Yes,Yes,Yes,Yes,Yes,No,Yes,Yes,No,No,No,Yes,No,Yes,Yes,No,Yes,Yes,No,Business Related Profession
"5/20/2023 11:56:35 PM +07:00",2,1,0,Not sure,No,Yes,Not sure,Not sure,No,Yes,Just keep them in a pile,Discipline of ants,Cure for this injury,Morning,No,Make them quite,Mathematics,Physics,Programming,Informative,Paper,Mindset to go to school,Healthy Body,Eating,Watching TV,Yes,No,Yes,Not sure,Yes,Yes,Yes,Yes,No,Yes,Yes,Not sure,Yes,No,No,Not sure,No,No,Not sure,Yes,Engineer
2020/11/17 10:38:00 PM GMT+7,2,0,1,Yes,Yes,Yes,Yes,Not sure,Yes,Yes,Just keep them in a pile,Strength and nature of ants,How to prevent him from get injured in future,Night,No,Ignore them,Mathematics,Physics,Programming,Funny,Font,Mindset to go to school,Fresh Mind,Sleeping,Sleeping,Not sure,Not sure,No,Not sure,Yes,Yes,Yes,Yes,No,No,Yes,No,Yes,No,Not sure,Not sure,Yes,Not sure,Yes,Not sure,Engineer
"5/20/2023 11:56:35 PM +07:00",0,1,0,Not sure,Yes,Yes,Not sure,Yes,Yes,Yes,Make them ordered,Discipline of ants,Cure for this injury,Night,Yes,Ignore them,English,Mathematics,Programming,Informative,Color,Mindset to go to school,Healthy Body,Sleeping,Relaxing,Yes,No,Yes,Yes,Yes,No,Yes,Yes,Yes,Yes,Yes,Yes,Yes,No,No,Yes,No,Not sure,Yes,Not sure,Engineer
"5/20/2023 11:56:35 PM +07:00",2,0,2,No,No,Yes,Yes,Yes,Yes,Yes,Make them ordered,Count of ants,Cure for this injury,Night,Yes,Ignore them,Sceince,Programming,Programming,Informative,Paper,Mindset to go to school,Fresh Mind,Sleeping,Relaxing,Yes,Not sure,No,No,Yes,No,Yes,Yes,Yes,Yes,Yes,Yes,Yes,No,Yes,Yes,Yes,No,Yes,Yes,Engineer
"5/20/2023 11:56:35 PM +07:00",1,2,2,Yes,No,Yes,No,Yes,Yes,No,Ignore them,Count of ants,Cure for this injury,Morning,No,Ignore them,Sceince,literature,Physics,Funny,Font,Mindset to go to school,Healthy Brain,Eating,Playing,Yes,No,Yes,Yes,Not sure,No,Yes,No,Yes,Yes,Not sure,Yes,Yes,Not sure,Yes,No,Yes,Yes,Yes,Yes,Engineer
"5/20/2023 11:56:35 PM +07:00",2,0,1,No,Yes,Yes,No,Yes,No,Yes,Just keep them in a pile,Discipline of ants,Cure for this injury,Morning,Yes,Ignore them,Other,Other,Chemistry,Informative,Paper,Dressed up accordingly,Fresh Mind,Taking bath,Relaxing,Yes,Yes,No,No,Yes,Not sure,No,Yes,No,No,Yes,Not sure,Yes,Yes,Yes,No,No,No,Yes,Yes,Engineer
"5/20/2023 11:56:35 PM +07:00",1,0,2,Not sure,No,Yes,Yes,Yes,No,Yes,Just keep them in a pile,Discipline of ants,How to prevent him from get injured in future,Afternoon,Yes,Ignore them,Other,Geography,Other,Funny,Font,Mindset to go to school,Healthy Body,Eating,Relaxing,Not sure,Yes,Not sure,Not sure,Yes,Yes,Yes,Yes,Yes,Yes,Not sure,Not sure,Yes,No,Yes,Yes,No,Yes,No,No,Engineer
"5/20/2023 11:56:35 PM +07:00",1,1,2,Not sure,No,No,Yes,Yes,Yes,No,Just keep them in a pile,Strength and nature of ants,Cure for this injury,Morning,No,Make them quite,Sceince,Biology,Biology,Formal,Paper,Mindset to go to school,Healthy Body,Relaxing,Relaxing,Yes,Yes,Yes,No,No,Yes,No,Yes,No,No,Yes,No,No,Yes,Yes,Yes,No,No,Not sure,Not sure,Doctor
"5/20/2023 11:56:35 PM +07:00",2,1,1,Yes,Yes,No,No,Yes,No,No,Ignore them,Discipline of ants,Cure for this injury,Morning,Not sure,Ignore them,Other,Other,Other,Funny,Paper,Mindset to go to school,Healthy Body,Relaxing,Relaxing,Yes,Yes,Yes,Yes,Yes,Yes,Yes,No,Yes,Yes,Yes,Yes,Not sure,No,No,Not sure,No,Not sure,Yes,No,Engineer
"5/20/2023 11:56:35 PM +07:00",1,1,2,Not sure,No,No,Yes,Not sure,Yes,No,Just keep them in a pile,Strength and nature of ants,Cure for this injury,Morning,No,Make them quite,Sceince,Biology,Biology,Formal,Paper,Mindset to go to school,Healthy Body,Relaxing,Relaxing,Yes,Yes,Yes,Not sure,No,No,No,Yes,No,Yes,Yes,No,Yes,Yes,Yes,Yes,No,No,Not sure,Not sure,Doctor
"5/20/2023 11:56:35 PM +07:00",1,2,1,Not sure,Yes,Yes,Not sure,Yes,Yes,No,Make them ordered,Strength and nature of ants,Cure for this injury,Morning,No,Ignore them,Sceince,Mathematics,Programming,Formal,Paper,Mindset to go to school,Healthy Body,Sleeping,Relaxing,Yes,Yes,Yes,Yes,Yes,No,Yes,Yes,Yes,No,Yes,Yes,Not sure,Yes,No,No,No,Yes,No,Yes,Engineer
"5/20/2023 11:56:35 PM +07:00",1,2,2,Not sure,No,No,Yes,Yes,Yes,No,Just keep them in a pile,Strength and nature of ants,Cure for this injury,Morning,Not sure,Make them quite,Sceince,Biochemistry,Biology,Formal,Paper,Dressed up accordingly,Healthy Body,Relaxing,Relaxing,Yes,Yes,Yes,No,No,No,No,Yes,No,No,Yes,No,No,Yes,Yes,Yes,No,No,Not sure,Not sure,Doctor
"5/20/2023 11:56:35 PM +07:00",1,1,1,No,No,Yes,Not sure,Yes,No,No,Make them ordered,Discipline of ants,How to prevent him from get injured in future,Night,No,Ignore them,Mathematics,Physics,Programming,Informative,Paper,Dressed up accordingly,Fresh Mind,Relaxing,Relaxing,Not sure,Not sure,Yes,Yes,Yes,No,Yes,Yes,No,Yes,Yes,Not sure,No,No,No,No,No,Not sure,Yes,Not sure,Engineer
"5/20/2023 11:56:35 PM +07:00",1,2,2,Not sure,No,No,Yes,Yes,Yes,No,Just keep them in a pile,Strength and nature of ants,Cure for this injury,Morning,No,Make them quite,Sceince,Biochemistry,Biology,Formal,Paper,Dressed up accordingly,Healthy Body,Relaxing,Relaxing,Yes,Yes,Yes,No,No,No,No,Yes,No,Yes,Yes,No,No,Yes,Yes,Yes,No,No,Not sure,Not sure,Doctor
"5/20/2023 11:56:35 PM +07:00",1,1,1,Not sure,No,Yes,Not sure,Yes,Not sure,Yes,Make them ordered,Discipline of ants,Cure for this injury,Morning,No,Ignore them,Mathematics,Chemistry,Other,Formal,Color,Dressed up accordingly,Fresh Mind,Sleeping,Reading,Not sure,Yes,No,No,Yes,Yes,Yes,Yes,No,No,Yes,No,Yes,No,Yes,Yes,Yes,Yes,Yes,Yes,Engineer
"5/20/2023 11:56:35 PM +07:00",2,0,1,No,No,No,Not sure,Yes,Yes,Yes,Just keep them in a pile,Discipline of ants,Cure for this injury,Night,Yes,Ignore them,Mathematics,Chemistry,Biology,Funny,Paper,Mindset to go to school,Fresh Mind,Sleeping,Browsing Internet,No,No,Yes,Yes,Yes,Yes,Yes,Yes,No,Yes,Yes,Not sure,Yes,Not sure,Yes,Yes,Yes,No,Yes,Not sure,Engineer
"5/20/2023 11:56:35 PM +07:00",0,2,1,No,Yes,No,Yes,No,No,No,Ignore them,Strength and nature of ants,Cure for this injury,Night,No,Ignore them,Mathematics,Physics,Programming,Formal,Paper,Mindset to go to school,Healthy Body,Eating,Relaxing,Yes,Yes,Not sure,Not sure,Yes,Yes,Yes,No,No,Yes,Yes,No,Yes,Yes,Yes,No,No,Not sure,Yes,Yes,Doctor
"5/20/2023 11:56:35 PM +07:00",2,2,1,Yes,No,Yes,Yes,Yes,Yes,No,Ignore them,Discipline of ants,Cure for this injury,Night,No,Ignore them,Sceince,Physics,Business Studies,Funny,Paper,Mindset to go to school,Healthy Brain,Eating,Playing,Yes,Not sure,Yes,Yes,Yes,No,Yes,Yes,No,No,Yes,Yes,Yes,Yes,Yes,No,No,Not sure,No,No,Business Related Profession
"5/20/2023 11:56:35 PM +07:00",2,1,2,Not sure,No,Yes,Not sure,Yes,Yes,Yes,Make them ordered,Discipline of ants,What was his mistake,Morning,No,Make them quite,Sceince,Physics,Chemistry,Funny,Font,Mindset to go to school,Healthy Body,Sleeping,Relaxing,Yes,No,Yes,Yes,Yes,No,Yes,Yes,No,No,Yes,No,Yes,No,No,No,Yes,Yes,Yes,Not sure,Engineer
"5/20/2023 11:56:35 PM +07:00",1,2,2,Not sure,No,No,Yes,Yes,Yes,No,Just keep them in a pile,Strength and nature of ants,Cure for this injury,Morning,Not sure,Make them quite,Sceince,Biochemistry,Biology,Formal,Paper,Mindset to go to school,Healthy Body,Relaxing,Relaxing,Yes,Yes,Yes,Not sure,No,No,No,Yes,No,Yes,Yes,No,Yes,Yes,Yes,Yes,No,No,Not sure,Not sure,Doctor
"5/20/2023 11:56:35 PM +07:00",1,2,2,No,No,No,No,Yes,Yes,No,Ignore them,Discipline of ants,Cure for this injury,Morning,No,Search for a pattern in the noise,Sceince,Other,Physics,Informative,Paper,Mindset to go to school,Fresh Mind,Sleeping,Browsing Internet,Yes,No,Yes,Yes,Yes,No,No,No,No,Yes,Yes,No,Yes,No,Yes,No,Yes,Yes,Yes,Yes,Doctor
"5/20/2023 11:56:35 PM +07:00",1,1,2,Not sure,No,Yes,Yes,Yes,Yes,No,Make them ordered,Strength and nature of ants,What was his mistake,Night,No,Ignore them,Mathematics,Physics,Physics,Informative,Font,Mindset to go to school,Fresh Mind,Eating,Playing,Yes,No,Yes,Yes,No,Yes,Yes,Yes,No,Yes,No,Yes,Yes,Not sure,No,Not sure,No,Yes,Yes,No,Engineer
"5/20/2023 11:56:35 PM +07:00",1,2,2,Not sure,No,No,Yes,Yes,Yes,No,Just keep them in a pile,Strength and nature of ants,Cure for this injury,Morning,Not sure,Make them quite,Drawing,Biology,Biology,Formal,Paper,Mindset to go to school,Healthy Body,Relaxing,Relaxing,Yes,Yes,Yes,Not sure,No,Yes,No,Yes,No,No,Yes,No,Yes,Yes,Yes,Yes,No,No,Not sure,Not sure,Doctor
"5/20/2023 11:56:35 PM +07:00",1,1,0,Yes,Yes,No,Not sure,Yes,Yes,No,Make them ordered,Count of ants,Cure for this injury,Morning,No,Ignore them,Sceince,Business Studies,Business Studies,Funny,Paper,Mindset to go to school,Healthy Body,Reading,Playing,Yes,Yes,Yes,Yes,No,No,No,Yes,No,Yes,Yes,Not sure,No,No,Yes,Yes,No,Yes,Yes,No,Engineer
"5/20/2023 11:56:35 PM +07:00",1,1,2,Not sure,No,No,Yes,Yes,Yes,No,Just keep them in a pile,Strength and nature of ants,Cure for this injury,Morning,No,Make them quite,Sceince,Biology,Biology,Formal,Paper,Mindset to go to school,Healthy Body,Relaxing,Relaxing,Yes,Yes,Yes,No,No,Yes,No,Yes,No,No,Yes,No,No,Yes,Yes,Yes,No,No,Not sure,Not sure,Doctor
"5/20/2023 11:56:35 PM +07:00",2,0,2,No,Yes,No,Yes,Not sure,Yes,Yes,Make them ordered,Count of ants,Cure for this injury,Morning,No,Ignore them,Mathematics,Geography,Programming,Informative,Font,Mindset to go to school,Healthy Body,Eating,Browsing Internet,Yes,No,Yes,Yes,Yes,No,Yes,Yes,No,Yes,Yes,Not sure,No,Not sure,Not sure,No,Yes,Not sure,Yes,Yes,Engineer
"5/20/2023 11:56:35 PM +07:00",1,2,2,Yes,Yes,Yes,Yes,Yes,Not sure,No,Ignore them,Count of ants,Cure for this injury,Morning,Yes,Ignore them,Bangla,Business Studies,Business Studies,Formal,Paper,Mindset to go to school,Fresh Mind,Eating,Playing,Yes,Yes,Yes,Yes,Not sure,No,No,Yes,No,No,Yes,No,Yes,No,Not sure,No,Yes,Yes,Yes,Yes,Business Related Profession
2020/11/29 12:51:52 AM GMT+7,1,2,2,Yes,No,Yes,Yes,No,Yes,No,Make them ordered,Strength and nature of ants,How to prevent him from get injured in future,Night,No,Ignore them,Bangla,Business Studies,Business Studies,Formal,Paper,Mindset to go to school,Fresh Mind,Eating,Playing,Yes,Yes,Yes,Yes,Not sure,No,No,Yes,No,Yes,Yes,No,Yes,Yes,Not sure,Yes,Yes,Yes,No,No,Business Related Profession
"5/20/2023 11:56:35 PM +07:00",1,2,2,Yes,Yes,Yes,No,No,Not sure,No,Make them ordered,Strength and nature of ants,Cure for this injury,Night,Yes,Ignore them,Bangla,Business Studies,Mathematics,Formal,Paper,Mindset to go to school,Healthy Brain,Eating,Playing,Yes,Yes,Yes,Yes,Not sure,No,Yes,Yes,No,Yes,Yes,No,Yes,Yes,Not sure,No,Yes,Yes,Yes,Yes,Business Related Profession
"5/20/2023 11:56:35 PM +07:00",1,2,1,Yes,No,Yes,No,No,Yes,No,Make them ordered,Strength and nature of ants,Cure for this injury,Morning,No,Ignore them,Bangla,Mathematics,Mathematics,Funny,Paper,Mindset to go to school,Fresh Mind,Eating,Playing,Yes,Yes,Not sure,Yes,Not sure,No,Yes,Yes,No,No,Yes,Yes,Yes,No,Not sure,No,Yes,Yes,Yes,Yes,Business Related Profession
"5/20/2023 11:56:35 PM +07:00",1,1,2,Not sure,No,No,Yes,Not sure,Yes,No,Just keep them in a pile,Strength and nature of ants,Cure for this injury,Morning,No,Make them quite,Sceince,Biochemistry,Biology,Formal,Paper,Dressed up accordingly,Healthy Body,Relaxing,Relaxing,Yes,Yes,Yes,No,No,Yes,No,Yes,No,No,Yes,No,Yes,Yes,Yes,Yes,No,No,Not sure,Not sure,Doctor
"5/20/2023 11:56:35 PM +07:00",2,1,1,Yes,No,Yes,No,Yes,Not sure,Yes,Ignore them,Discipline of ants,What was his mistake,Night,No,Ignore them,Sceince,Biology,Programming,Formal,Paper,Mindset to go to school,Fresh Mind,Sleeping,Browsing Internet,Yes,No,No,Yes,Not sure,Yes,No,Yes,No,No,No,Yes,Yes,Yes,Not sure,No,No,No,No,Yes,Business Related Profession
"5/20/2023 11:56:35 PM +07:00",1,0,2,Yes,No,No,Yes,Yes,Not sure,No,Ignore them,Discipline of ants,Cure for this injury,Night,Not sure,Ignore them,Sceince,Business Studies,Mathematics,Funny,Paper,Mindset to go to school,Healthy Body,Relaxing,Browsing Internet,Yes,Yes,Yes,Yes,Yes,Yes,No,No,No,No,Yes,Not sure,Yes,Not sure,Yes,Not sure,No,Yes,Not sure,Yes,Business Related Profession
2021/07/02 1:24:14 AM GMT+7,1,1,2,Not sure,No,No,Yes,Yes,Yes,No,Just keep them in a pile,Strength and nature of ants,Cure for this injury,Morning,No,Make them quite,Sceince,Biology,Biology,Formal,Paper,Mindset to go to school,Healthy Body,Relaxing,Relaxing,Yes,Yes,Yes,No,No,No,No,Yes,No,No,Yes,No,Yes,Yes,Yes,Yes,No,No,Not sure,Not sure,Doctor
"5/20/2023 11:56:35 PM +07:00",1,2,1,No,Yes,Yes,No,Yes,Not sure,No,Make them ordered,Strength and nature of ants,Cure for this injury,Night,No,Ignore them,Mathematics,Biochemistry,Programming,Funny,Paper,Mindset to go to school,Healthy Body,Sleeping,Browsing Internet,Yes,No,Not sure,Yes,No,Yes,Yes,Yes,No,Yes,Yes,No,Yes,Not sure,No,No,Yes,No,Not sure,Yes,Business Related Profession
"5/20/2023 11:56:35 PM +07:00",1,2,2,Not sure,No,No,Yes,Yes,Yes,No,Just keep them in a pile,Strength and nature of ants,Cure for this injury,Morning,Not sure,Make them quite,Drawing,Biology,Biology,Formal,Paper,Mindset to go to school,Healthy Body,Relaxing,Relaxing,Yes,Yes,Yes,Not sure,No,Yes,No,Yes,No,No,Yes,No,Yes,Yes,Yes,Yes,No,No,Not sure,Not sure,Doctor
"5/20/2023 11:56:35 PM +07:00",1,2,1,Yes,Yes,Yes,Yes,Yes,Yes,No,Make them ordered,Strength and nature of ants,How to prevent him from get injured in future,Morning,Yes,Ignore them,Sceince,Business Studies,Mathematics,Formal,Paper,Mindset to go to school,Healthy Brain,Eating,Playing,Yes,Yes,Not sure,Yes,Not sure,No,No,Yes,No,Yes,Yes,Yes,Yes,Yes,Not sure,Yes,Yes,Yes,Yes,Yes,Business Related Profession
"5/20/2023 11:56:35 PM +07:00",1,0,2,Yes,No,Not sure,Yes,Yes,No,Yes,Ignore them,Strength and nature of ants,What was his mistake,Morning,No,Ignore them,Mathematics,Programming,literature,Funny,Paper,Mindset to go to school,Healthy Body,Taking bath,Playing,Yes,No,Yes,Yes,No,Yes,Yes,Yes,No,Yes,Yes,Yes,Yes,No,No,Yes,No,No,Not sure,Not sure,Engineer
"5/20/2023 11:56:35 PM +07:00",1,2,1,Not sure,Yes,Yes,Not sure,Yes,Yes,No,Just keep them in a pile,Strength and nature of ants,How to prevent him from get injured in future,Morning,Yes,Ignore them,Mathematics,Biochemistry,Biology,Informative,Paper,Mindset to go to school,Healthy Body,Relaxing,Playing,Yes,No,No,Yes,Not sure,No,Yes,Yes,No,No,Yes,No,Yes,No,Yes,Not sure,No,No,Not sure,No,Engineer
"5/20/2023 11:56:35 PM +07:00",2,2,1,Yes,Not sure,No,Not sure,Yes,No,No,Make them ordered,Strength and nature of ants,Cure for this injury,Morning,No,Ignore them,Mathematics,Other,Biology,Informative,Font,Mindset to go to school,Healthy Body,Eating,Sleeping,Yes,No,Yes,Yes,Yes,No,Yes,Yes,Yes,No,Not sure,Yes,Yes,No,Yes,No,Yes,Yes,Yes,No,Engineer
"5/20/2023 11:56:35 PM +07:00",0,2,1,Yes,Yes,Yes,No,No,No,Yes,Make them ordered,Discipline of ants,Cure for this injury,Morning,Yes,Ignore them,Sceince,Mathematics,Biology,Funny,Paper,Dressed up accordingly,Healthy Body,Relaxing,Relaxing,Yes,Yes,Not sure,Yes,Not sure,No,Yes,Yes,No,Yes,Yes,Yes,Yes,No,No,No,No,Yes,Yes,Yes,Doctor
"5/20/2023 11:56:35 PM +07:00",2,1,2,No,Yes,No,Not sure,Not sure,Yes,No,Make them ordered,Discipline of ants,Cure for this injury,Night,Yes,Ignore them,Other,Programming,Programming,Informative,Paper,Mindset to go to school,Fresh Mind,Relaxing,Relaxing,Yes,Yes,Yes,Yes,Yes,Yes,Yes,Yes,Yes,Yes,Yes,Yes,Yes,No,Yes,No,No,Not sure,Yes,No,Engineer
"5/20/2023 11:56:35 PM +07:00",1,1,2,Not sure,No,No,Yes,Yes,Yes,No,Just keep them in a pile,Strength and nature of ants,Cure for this injury,Morning,No,Make them quite,Drawing,Biology,Biology,Formal,Paper,Mindset to go to school,Healthy Body,Relaxing,Relaxing,Yes,Yes,Yes,Not sure,No,No,No,Yes,No,No,Yes,No,Yes,Yes,Yes,Yes,No,No,Not sure,Not sure,Doctor
"5/20/2023 11:56:35 PM +07:00",2,1,2,Yes,No,No,No,Yes,Yes,Yes,Just keep them in a pile,Discipline of ants,Cure for this injury,Morning,Yes,Make them quite,Sceince,Chemistry,Programming,Formal,Paper,Dressed up accordingly,Healthy Body,Eating,Relaxing,Yes,Yes,Yes,Not sure,Yes,No,Yes,Not sure,Yes,Yes,No,No,Yes,No,Yes,No,Yes,Yes,Yes,Yes,Engineer
"5/20/2023 11:56:35 PM +07:00",1,1,2,Not sure,No,No,Yes,Yes,Yes,No,Just keep them in a pile,Strength and nature of ants,Cure for this injury,Morning,No,Make them quite,Drawing,Biology,Biology,Formal,Paper,Mindset to go to school,Healthy Body,Relaxing,Relaxing,Yes,Yes,Yes,Not sure,No,No,No,Yes,No,No,Yes,No,Yes,Yes,Yes,Yes,No,No,Not sure,Not sure,Doctor
"5/20/2023 11:56:35 PM +07:00",1,1,1,Not sure,No,No,No,Yes,Yes,No,Ignore them,Strength and nature of ants,Cure for this injury,Morning,No,Search for a pattern in the noise,Religious Studies,Chemistry,Programming,Funny,Paper,Dressed up accordingly,Healthy Body,Sleeping,Playing,Yes,Not sure,Yes,Yes,Yes,Yes,No,No,Yes,Yes,No,Not sure,Not sure,Yes,No,Yes,No,Not sure,Yes,No,Engineer
"5/20/2023 11:56:35 PM +07:00",1,2,2,No,No,Yes,Yes,Not sure,Yes,No,Ignore them,Strength and nature of ants,Cure for this injury,Morning,Yes,Ignore them,Bangla,Geography,Other,Informative,Font,Mindset to go to school,Healthy Body,Relaxing,Other,Yes,No,Not sure,Yes,Yes,Yes,Yes,Yes,Yes,No,Not sure,Yes,Yes,Not sure,No,Yes,Yes,Yes,Yes,Yes,Engineer
"5/20/2023 11:56:35 PM +07:00",2,1,2,No,No,Yes,Yes,Not sure,No,Yes,Ignore them,Strength and nature of ants,Cure for this injury,Night,Not sure,Ignore them,Mathematics,Physics,Physics,Informative,Color,Mindset to go to school,Healthy Body,Eating,Browsing Internet,Not sure,No,Yes,Yes,Yes,Yes,Yes,Yes,No,Yes,Not sure,No,Yes,Yes,Yes,No,No,No,No,Not sure,Engineer
"5/20/2023 11:56:35 PM +07:00",2,1,1,Yes,Yes,No,No,Yes,No,No,Ignore them,Discipline of ants,Cure for this injury,Morning,Not sure,Ignore them,Other,Other,Other,Funny,Paper,Mindset to go to school,Healthy Body,Relaxing,Relaxing,Yes,Yes,Yes,Yes,Yes,Yes,Yes,No,Yes,Yes,Yes,Yes,Not sure,No,No,Not sure,No,Not sure,Yes,No,Engineer
"5/20/2023 11:56:35 PM +07:00",2,1,1,No,Yes,No,Yes,Yes,Yes,Yes,Ignore them,Count of ants,Cure for this injury,Morning,Yes,Make them quite,Mathematics,Programming,Chemistry,Formal,Font,Mindset to go to school,Healthy Body,Eating,Browsing Internet,Yes,Yes,Not sure,Yes,Yes,No,No,No,No,No,Yes,Yes,Yes,No,No,Not sure,No,Yes,Yes,No,Engineer
"5/20/2023 11:56:35 PM +07:00",2,0,2,Yes,No,Yes,No,Yes,No,Yes,Ignore them,Strength and nature of ants,Cure for this injury,Night,Not sure,Ignore them,Bangla,Chemistry,Physics,Informative,Paper,Mindset to go to school,Fresh Mind,Sleeping,Browsing Internet,Yes,No,Yes,Yes,Yes,No,Yes,No,No,Yes,Yes,No,Yes,Yes,No,Yes,No,No,Yes,Not sure,Engineer
"5/20/2023 11:56:35 PM +07:00",1,2,2,No,No,Yes,Not sure,No,Not sure,Yes,Make them ordered,Count of ants,Cure for this injury,Night,No,Make them quite,Mathematics,Business Studies,Mathematics,Funny,Font,Mindset to go to school,Healthy Body,Sleeping,Browsing Internet,Yes,Not sure,Not sure,Yes,Yes,Yes,No,No,Yes,Yes,Yes,No,Yes,No,Yes,Yes,No,No,Yes,No,Engineer
"5/20/2023 11:56:35 PM +07:00",1,1,2,Not sure,No,No,Yes,Not sure,Yes,No,Just keep them in a pile,Strength and nature of ants,Cure for this injury,Morning,No,Make them quite,Sceince,Biology,Biology,Formal,Paper,Mindset to go to school,Healthy Body,Relaxing,Relaxing,Yes,Yes,Yes,Not sure,No,No,No,Yes,No,Yes,Yes,No,Yes,Yes,Yes,Yes,No,No,Not sure,Not sure,Doctor
"5/20/2023 11:56:35 PM +07:00",1,0,1,No,No,Yes,Not sure,Yes,Not sure,No,Make them ordered,Count of ants,Cure for this injury,Night,No,Search for a pattern in the noise,Sceince,Biology,Physics,Funny,Font,Mindset to go to school,Healthy Brain,Eating,Playing,Yes,Yes,No,Yes,Not sure,Yes,Yes,No,No,No,No,Not sure,No,Yes,No,No,No,Not sure,Yes,Yes,Engineer
"5/20/2023 11:56:35 PM +07:00",1,2,2,Not sure,No,No,Yes,Yes,Yes,No,Just keep them in a pile,Strength and nature of ants,Cure for this injury,Morning,Not sure,Make them quite,Sceince,Biochemistry,Biology,Formal,Paper,Mindset to go to school,Healthy Body,Relaxing,Relaxing,Yes,Yes,Yes,No,No,No,No,Yes,No,No,Yes,No,No,Yes,Yes,Yes,No,No,Not sure,Not sure,Doctor
"5/20/2023 11:56:35 PM +07:00",1,1,2,Not sure,No,No,Yes,Yes,Yes,No,Just keep them in a pile,Strength and nature of ants,Cure for this injury,Morning,Not sure,Make them quite,Sceince,Biology,Biology,Formal,Paper,Dressed up accordingly,Healthy Body,Relaxing,Relaxing,Yes,Yes,Yes,Not sure,No,Yes,No,Yes,No,Yes,Yes,No,No,Yes,Yes,Yes,No,No,Not sure,Not sure,Doctor
2021/07/02 1:24:14 AM GMT+7,1,1,2,Not sure,No,No,Yes,Yes,Yes,No,Just keep them in a pile,Strength and nature of ants,Cure for this injury,Morning,No,Make them quite,Sceince,Biology,Biology,Formal,Paper,Mindset to go to school,Healthy Body,Relaxing,Relaxing,Yes,Yes,Yes,No,No,No,No,Yes,No,No,Yes,No,Yes,Yes,Yes,Yes,No,No,Not sure,Not sure,Doctor
"5/20/2023 11:56:35 PM +07:00",1,0,2,No,Not sure,Yes,No,Yes,Yes,Yes,Just keep them in a pile,Discipline of ants,What was his mistake,Night,Yes,Ignore them,Religious Studies,Programming,Physics,Funny,Paper,Dressed up accordingly,Fresh Mind,Sleeping,Browsing Internet,Not sure,No,Yes,Yes,Yes,Yes,Yes,Yes,No,No,No,Yes,Yes,Yes,Yes,No,No,Yes,Yes,Not sure,Engineer
"5/20/2023 11:56:35 PM +07:00",1,1,2,No,No,Not sure,Not sure,Yes,Yes,Yes,Just keep them in a pile,Strength and nature of ants,Cure for this injury,Night,Not sure,Ignore them,Mathematics,Biology,Programming,Funny,Color,Mindset to go to school,Healthy Body,Eating,Browsing Internet,Not sure,Yes,Yes,Yes,Yes,Yes,Yes,Yes,Yes,Yes,Yes,Yes,Yes,Yes,No,No,No,Yes,No,Not sure,Engineer
"5/20/2023 11:56:35 PM +07:00",2,0,2,Yes,No,Yes,Yes,Yes,Yes,Yes,Make them ordered,Count of ants,Cure for this injury,Night,Not sure,Ignore them,Sceince,Physics,Business Studies,Formal,Paper,Mindset to go to school,Healthy Body,Sleeping,Relaxing,Yes,Yes,No,Yes,No,No,Yes,Yes,No,No,Yes,No,Yes,Yes,Yes,No,No,Yes,Not sure,No,Business Related Profession
"5/20/2023 11:56:35 PM +07:00",1,2,0,No,No,No,No,Yes,Yes,Yes,Make them ordered,Strength and nature of ants,Cure for this injury,Morning,No,Ignore them,Sceince,Business Studies,Other,Informative,Paper,Mindset to go to school,Healthy Body,Sleeping,Reading,Yes,No,Not sure,Yes,No,Yes,Yes,No,Yes,No,Yes,No,Yes,No,Yes,No,Yes,Yes,Yes,Yes,Engineer
2020/11/17 10:58:21 PM GMT+7,1,0,2,No,Yes,Yes,No,Yes,No,Yes,Make them ordered,Discipline of ants,Cure for this injury,Night,Yes,Ignore them,Sceince,literature,Physics,Funny,Paper,Mindset to go to school,Healthy Body,Sleeping,Relaxing,Yes,Not sure,No,Yes,Yes,No,Yes,No,No,Yes,Yes,Yes,Yes,Yes,No,No,No,Yes,Yes,No,Engineer
"5/20/2023 11:56:35 PM +07:00",2,2,2,Yes,No,Yes,Yes,Not sure,Yes,Yes,Make them ordered,Strength and nature of ants,Cure for this injury,Morning,No,Ignore them,Sceince,Business Studies,Biology,Informative,Paper,Mindset to go to school,Healthy Body,Eating,Relaxing,Yes,Yes,Yes,Yes,Yes,No,No,Yes,No,No,No,No,No,Yes,No,No,No,Yes,No,Not sure,Business Related Profession
"5/20/2023 11:56:35 PM +07:00",1,2,2,Yes,Yes,Yes,Yes,Yes,Not sure,No,Make them ordered,Strength and nature of ants,Cure for this injury,Morning,Yes,Ignore them,Bangla,Mathematics,Mathematics,Formal,Paper,Mindset to go to school,Healthy Brain,Eating,Playing,Yes,Yes,Not sure,Yes,Not sure,No,Yes,Yes,No,No,Yes,Yes,Yes,No,No,Yes,Yes,Yes,Yes,Yes,Business Related Profession
"5/20/2023 11:56:35 PM +07:00",1,2,0,Not sure,Yes,Yes,Yes,Yes,No,Yes,Make them ordered,Discipline of ants,Cure for this injury,Afternoon,No,Ignore them,Mathematics,Mathematics,Other,Informative,Font,Mindset to go to school,Healthy Body,Reading,Playing,Yes,Yes,Yes,Yes,Not sure,No,Yes,Yes,No,No,Yes,Yes,Yes,Yes,No,No,No,Yes,Yes,Not sure,Business Related Profession
"5/20/2023 11:56:35 PM +07:00",2,2,2,Yes,No,Yes,Yes,Not sure,Yes,Yes,Make them ordered,Strength and nature of ants,Cure for this injury,Morning,No,Ignore them,Sceince,Business Studies,Biology,Informative,Paper,Mindset to go to school,Healthy Body,Eating,Relaxing,Yes,Yes,Yes,Yes,Yes,No,No,Yes,No,No,No,No,No,Yes,No,No,No,Yes,No,Not sure,Business Related Profession
"5/20/2023 11:56:35 PM +07:00",2,1,1,Yes,Yes,Yes,No,No,No,Yes,Make them ordered,Strength and nature of ants,How to prevent him from get injured in future,Night,No,Ignore them,Sceince,Physics,Programming,Funny,Paper,Mindset to go to school,Fresh Mind,Eating,Browsing Internet,Yes,Not sure,Yes,Yes,Yes,No,Yes,Yes,No,No,Not sure,No,Yes,Yes,Not sure,Yes,Yes,Yes,No,Not sure,Engineer
"5/20/2023 11:56:35 PM +07:00",2,2,2,Yes,Yes,Yes,Yes,Not sure,Not sure,No,Just keep them in a pile,Strength and nature of ants,Cure for this injury,Morning,No,Make them quite,Drawing,Mathematics,Programming,Informative,Paper,Mindset to go to school,Healthy Body,Sleeping,Relaxing,Yes,Yes,Yes,Yes,No,No,Yes,Yes,Yes,No,Yes,Yes,Yes,Yes,Yes,Not sure,Yes,No,Yes,Not sure,Business Related Profession
"5/20/2023 11:56:35 PM +07:00",2,2,2,Yes,Yes,Yes,Yes,Yes,Not sure,No,Make them ordered,Discipline of ants,Cure for this injury,Night,No,Make them quite,Other,Physics,Programming,Funny,Paper,Mindset to go to school,Healthy Brain,Sleeping,Watching TV,Yes,No,Yes,Yes,Yes,No,No,Not sure,No,Yes,Yes,Yes,Yes,Yes,No,Yes,Yes,Yes,Yes,Not sure,Engineer
"5/20/2023 11:56:35 PM +07:00",1,1,2,Not sure,No,Yes,No,Yes,Not sure,Yes,Ignore them,Strength and nature of ants,Cure for this injury,Morning,Yes,Ignore them,Mathematics,History,Physics,Funny,Paper,Dressed up accordingly,Healthy Body,Sleeping,Relaxing,Yes,No,Not sure,Not sure,Yes,No,Yes,Yes,No,Yes,Yes,No,Yes,Yes,No,Yes,No,Yes,No,Not sure,Engineer
"5/20/2023 11:56:35 PM +07:00",1,1,0,Yes,No,Yes,No,Not sure,Yes,Yes,Ignore them,Count of ants,Cure for this injury,Morning,Yes,Ignore them,Mathematics,Chemistry,Mathematics,Funny,Font,Mindset to go to school,Healthy Body,Eating,Watching TV,Yes,No,Not sure,Yes,Not sure,Yes,Yes,Yes,No,No,Yes,Yes,Yes,Not sure,No,Yes,Yes,Yes,Yes,Yes,Business Related Profession
"5/20/2023 11:56:35 PM +07:00",1,2,2,Yes,Yes,Yes,No,No,Yes,No,Make them ordered,Count of ants,Cure for this injury,Night,Yes,Ignore them,Sceince,Mathematics,Mathematics,Formal,Paper,Mindset to go to school,Fresh Mind,Eating,Browsing Internet,Yes,Yes,Not sure,Yes,Not sure,No,No,Yes,No,No,Yes,No,Yes,No,No,Yes,Yes,Yes,Yes,Yes,Business Related Profession
"5/20/2023 11:56:35 PM +07:00",1,2,2,Not sure,No,No,Yes,Yes,Yes,No,Just keep them in a pile,Strength and nature of ants,Cure for this injury,Morning,Not sure,Make them quite,Sceince,Biochemistry,Biology,Formal,Paper,Mindset to go to school,Healthy Body,Relaxing,Relaxing,Yes,Yes,Yes,Not sure,No,Yes,No,Yes,No,No,Yes,No,No,Yes,Yes,Yes,No,No,Not sure,Not sure,Doctor
"5/20/2023 11:56:35 PM +07:00",1,1,1,Not sure,No,Yes,Not sure,Yes,Not sure,Yes,Make them ordered,Discipline of ants,Cure for this injury,Morning,No,Ignore them,Mathematics,Chemistry,Other,Formal,Color,Dressed up accordingly,Fresh Mind,Sleeping,Reading,Not sure,Yes,No,No,Yes,Yes,Yes,Yes,No,No,Yes,No,Yes,No,Yes,Yes,Yes,Yes,Yes,Yes,Engineer
"5/20/2023 11:56:35 PM +07:00",1,1,2,No,Yes,No,Not sure,Yes,Not sure,No,Ignore them,Count of ants,Cure for this injury,Morning,Yes,Ignore them,Sceince,Physics,Business Studies,Informative,Font,Mindset to go to school,Fresh Mind,Eating,Playing,Yes,Yes,No,Not sure,Yes,Yes,No,Yes,No,Yes,Yes,Yes,No,No,No,No,Yes,No,Yes,Yes,Business Related Profession
"5/20/2023 11:56:35 PM +07:00",1,2,2,Yes,Yes,Yes,No,No,Yes,No,Make them ordered,Count of ants,Cure for this injury,Night,Yes,Ignore them,Sceince,Mathematics,Mathematics,Formal,Paper,Mindset to go to school,Fresh Mind,Eating,Browsing Internet,Yes,Yes,Not sure,Yes,Not sure,No,No,Yes,No,No,Yes,No,Yes,No,No,Yes,Yes,Yes,Yes,Yes,Business Related Profession
"5/20/2023 11:56:35 PM +07:00",2,1,1,No,No,Yes,Yes,Yes,Yes,Yes,Make them ordered,Count of ants,Cure for this injury,Night,No,Ignore them,Drawing,Biology,Programming,Informative,Paper,Mindset to go to school,Fresh Mind,Relaxing,Browsing Internet,Yes,Yes,Yes,Yes,No,No,Yes,Yes,No,No,No,Not sure,Yes,Yes,No,Yes,No,Yes,No,Yes,Engineer
"5/20/2023 11:56:35 PM +07:00",0,1,2,Not sure,No,No,Yes,Not sure,Yes,Yes,Ignore them,Discipline of ants,Cure for this injury,Night,No,Make them quite,Sceince,Other,Programming,Funny,Color,Mindset to go to school,Healthy Body,Eating,Relaxing,Yes,No,Yes,Yes,Yes,No,Yes,Yes,No,No,Yes,No,Yes,No,No,Yes,Yes,No,Yes,Yes,Engineer
"5/20/2023 11:56:35 PM +07:00",1,2,1,Not sure,Yes,Yes,Not sure,Yes,Yes,No,Make them ordered,Strength and nature of ants,Cure for this injury,Morning,No,Ignore them,Sceince,Mathematics,Programming,Formal,Paper,Mindset to go to school,Healthy Body,Sleeping,Relaxing,Yes,Yes,Yes,Yes,Yes,No,Yes,Yes,Yes,No,Yes,Yes,Not sure,Yes,No,No,No,Yes,No,Yes,Engineer
"5/20/2023 11:56:35 PM +07:00",1,1,2,Not sure,No,Yes,Yes,Yes,Not sure,Yes,Ignore them,Discipline of ants,Cure for this injury,Night,No,Ignore them,Bangla,Business Studies,Biology,Informative,Font,Dressed up accordingly,Healthy Body,Taking bath,Relaxing,Yes,Yes,Yes,Yes,Yes,Yes,Yes,Yes,No,Yes,No,Yes,Yes,No,Yes,Yes,No,Not sure,No,Yes,Engineer
"5/20/2023 11:56:35 PM +07:00",1,1,2,Not sure,No,No,Yes,Not sure,Yes,No,Just keep them in a pile,Strength and nature of ants,Cure for this injury,Morning,Not sure,Make them quite,Drawing,Biology,Biology,Formal,Paper,Dressed up accordingly,Healthy Body,Relaxing,Relaxing,Yes,Yes,Yes,No,No,No,No,Yes,No,Yes,Yes,No,Yes,Yes,Yes,Yes,No,No,Not sure,Not sure,Doctor
"5/20/2023 11:56:35 PM +07:00",1,2,2,No,No,Yes,Yes,Yes,Not sure,No,Just keep them in a pile,Count of ants,What was his mistake,Morning,Yes,Ignore them,Mathematics,Physics,Mathematics,Formal,Font,Mindset to go to school,Healthy Body,Sleeping,Relaxing,Yes,Yes,No,Yes,Yes,Yes,No,Yes,Yes,Yes,Yes,Not sure,Yes,Yes,No,No,No,Yes,Yes,Not sure,Business Related Profession
"5/20/2023 11:56:35 PM +07:00",1,1,2,No,No,Yes,Yes,Not sure,Yes,Yes,Make them ordered,Discipline of ants,Cure for this injury,Morning,Yes,Ignore them,Other,Mathematics,Programming,Formal,Font,Mindset to go to school,Fresh Mind,Relaxing,Playing,Yes,No,No,Not sure,Yes,Yes,Yes,Yes,Yes,No,No,Yes,Yes,No,No,Yes,Yes,Not sure,Yes,Not sure,Business Related Profession
"5/20/2023 11:56:35 PM +07:00",2,2,2,Yes,No,No,Yes,Yes,No,No,Ignore them,Discipline of ants,Cure for this injury,Morning,No,Ignore them,Bangla,Business Studies,Programming,Funny,Paper,Mindset to go to school,Healthy Brain,Relaxing,Reading,Yes,No,Not sure,Yes,No,Yes,Yes,Yes,No,Yes,Yes,Yes,Yes,Yes,Not sure,No,No,Yes,Yes,No,Engineer
"5/20/2023 11:56:35 PM +07:00",0,1,1,No,No,Yes,Not sure,Yes,No,Yes,Ignore them,Discipline of ants,How to prevent him from get injured in future,Night,Yes,Ignore them,Mathematics,Other,Biology,Funny,Paper,Mindset to go to school,Fresh Mind,Relaxing,Relaxing,Yes,No,Yes,Yes,No,Not sure,Yes,Yes,No,No,No,No,Yes,No,No,Not sure,Yes,No,Yes,Yes,Engineer
"5/20/2023 11:56:35 PM +07:00",1,1,2,Not sure,No,No,Yes,Not sure,Yes,No,Just keep them in a pile,Strength and nature of ants,Cure for this injury,Morning,Not sure,Make them quite,Sceince,Biochemistry,Biology,Formal,Paper,Mindset to go to school,Healthy Body,Relaxing,Relaxing,Yes,Yes,Yes,No,No,No,No,Yes,No,Yes,Yes,No,No,Yes,Yes,Yes,No,No,Not sure,Not sure,Doctor
"5/20/2023 11:56:35 PM +07:00",2,1,1,No,No,Yes,No,Yes,No,No,Just keep them in a pile,Count of ants,Cure for this injury,Morning,No,Search for a pattern in the noise,Mathematics,Chemistry,Programming,Funny,Paper,Mindset to go to school,Fresh Mind,Eating,Relaxing,Yes,Not sure,Yes,Yes,No,No,Yes,Yes,Yes,Yes,Yes,No,No,No,Yes,No,Yes,Yes,Yes,Yes,Engineer
"5/20/2023 11:56:35 PM +07:00",1,0,1,Not sure,No,Yes,Not sure,Not sure,Yes,No,Make them ordered,Discipline of ants,Cure for this injury,Night,No,Make them quite,Mathematics,Physics,Physics,Informative,Paper,Dressed up accordingly,Healthy Body,Sleeping,Relaxing,Yes,Yes,Yes,Yes,Yes,No,Yes,Yes,Yes,No,No,No,Not sure,Yes,No,Yes,Yes,Not sure,Yes,Yes,Engineer
"5/20/2023 11:56:35 PM +07:00",1,1,0,Yes,No,Yes,No,Yes,Yes,Yes,Just keep them in a pile,Strength and nature of ants,What was his mistake,Night,No,Make them quite,Sceince,Mathematics,Programming,Funny,Paper,Mindset to go to school,Healthy Body,Sleeping,Browsing Internet,Yes,No,Not sure,Yes,No,Yes,Yes,Yes,No,No,Yes,No,Yes,Not sure,Yes,Yes,Yes,Yes,Yes,No,Engineer
"5/20/2023 11:56:35 PM +07:00",1,2,2,No,No,Yes,Not sure,No,Not sure,Yes,Make them ordered,Count of ants,Cure for this injury,Night,No,Make them quite,Mathematics,Business Studies,Mathematics,Funny,Font,Mindset to go to school,Healthy Body,Sleeping,Browsing Internet,Yes,Not sure,Not sure,Yes,Yes,Yes,No,No,Yes,Yes,Yes,No,Yes,No,Yes,Yes,No,No,Yes,No,Engineer
"5/20/2023 11:56:35 PM +07:00",1,2,1,Yes,Yes,Yes,Yes,Yes,Yes,No,Make them ordered,Strength and nature of ants,How to prevent him from get injured in future,Morning,No,Ignore them,Bangla,Mathematics,Business Studies,Formal,Paper,Mindset to go to school,Fresh Mind,Eating,Browsing Internet,Yes,Yes,Yes,Yes,Not sure,No,No,Yes,No,No,Yes,No,Yes,No,No,Yes,Yes,Yes,No,Yes,Business Related Profession
2020/11/18 3:46:38 PM GMT+7,1,2,1,Yes,Yes,Yes,No,Yes,Not sure,No,Ignore them,Count of ants,Cure for this injury,Morning,Yes,Ignore them,Sceince,Mathematics,Mathematics,Funny,Paper,Mindset to go to school,Healthy Brain,Eating,Browsing Internet,Yes,Yes,Not sure,Yes,Not sure,No,Yes,Yes,No,No,Yes,Yes,Yes,No,No,No,Yes,Yes,Yes,Yes,Business Related Profession
"5/20/2023 11:56:35 PM +07:00",1,1,2,Not sure,No,No,Yes,Not sure,Yes,No,Just keep them in a pile,Strength and nature of ants,Cure for this injury,Morning,Not sure,Make them quite,Sceince,Biology,Biology,Formal,Paper,Mindset to go to school,Healthy Body,Relaxing,Relaxing,Yes,Yes,Yes,Not sure,No,Yes,No,Yes,No,No,Yes,No,No,Yes,Yes,Yes,No,No,Not sure,Not sure,Doctor
"5/20/2023 11:56:35 PM +07:00",1,2,2,Not sure,No,No,Yes,Not sure,Yes,No,Just keep them in a pile,Strength and nature of ants,Cure for this injury,Morning,Not sure,Make them quite,Drawing,Biology,Biology,Formal,Paper,Dressed up accordingly,Healthy Body,Relaxing,Relaxing,Yes,Yes,Yes,Not sure,No,No,No,Yes,No,Yes,Yes,No,Yes,Yes,Yes,Yes,No,No,Not sure,Not sure,Doctor
"5/20/2023 11:56:35 PM +07:00",1,2,2,Not sure,No,No,Yes,Not sure,Yes,No,Just keep them in a pile,Strength and nature of ants,Cure for this injury,Morning,Not sure,Make them quite,Drawing,Biology,Biology,Formal,Paper,Mindset to go to school,Healthy Body,Relaxing,Relaxing,Yes,Yes,Yes,Not sure,No,Yes,No,Yes,No,Yes,Yes,No,Yes,Yes,Yes,Yes,No,No,Not sure,Not sure,Doctor
"5/20/2023 11:56:35 PM +07:00",2,1,1,Yes,No,Yes,No,Yes,Yes,No,Make them ordered,Discipline of ants,Cure for this injury,Night,No,Ignore them,Mathematics,Physics,Mathematics,Funny,Paper,Mindset to go to school,Healthy Body,Reading,Playing,Yes,No,Yes,Yes,Yes,No,Yes,Yes,No,Yes,Yes,No,No,Not sure,Not sure,Yes,Yes,Yes,No,No,Engineer
"5/20/2023 11:56:35 PM +07:00",0,2,2,Not sure,Yes,No,No,Not sure,Yes,No,Make them ordered,Strength and nature of ants,Cure for this injury,Night,Yes,Ignore them,Bangla,Biochemistry,Physics,Funny,Paper,Mindset to go to school,Fresh Mind,Eating,Relaxing,Yes,Yes,Yes,Yes,Yes,Not sure,Yes,No,No,Yes,No,No,Not sure,No,No,Yes,Yes,Yes,Not sure,No,Engineer
"5/20/2023 11:56:35 PM +07:00",1,2,1,No,No,Not sure,No,Not sure,No,Yes,Make them ordered,Count of ants,Cure for this injury,Night,No,Ignore them,Sceince,Physics,Physics,Funny,Paper,Mindset to go to school,Healthy Body,Eating,Relaxing,Yes,Yes,Not sure,Yes,No,Yes,No,Yes,No,No,Yes,Not sure,Yes,Yes,No,No,Yes,Yes,Yes,No,Business Related Profession
"5/20/2023 11:56:35 PM +07:00",2,1,2,Not sure,No,Yes,Not sure,Yes,Yes,Yes,Just keep them in a pile,Discipline of ants,How to prevent him from get injured in future,Morning,No,Ignore them,Mathematics,Chemistry,Programming,Informative,Font,Mindset to go to school,Healthy Body,Sleeping,Relaxing,Yes,Not sure,Yes,Not sure,Yes,No,Yes,Yes,No,Yes,Yes,Yes,Yes,No,No,Yes,No,No,Yes,Yes,Engineer
"5/20/2023 11:56:35 PM +07:00",1,2,2,Yes,No,Yes,Yes,No,Not sure,No,Ignore them,Strength and nature of ants,How to prevent him from get injured in future,Morning,No,Ignore them,Bangla,Mathematics,Business Studies,Formal,Paper,Mindset to go to school,Healthy Brain,Eating,Browsing Internet,Yes,Yes,Yes,Yes,Not sure,No,No,Yes,No,Yes,Yes,Yes,Yes,No,Not sure,Yes,Yes,Yes,Yes,Yes,Business Related Profession
"5/20/2023 11:56:35 PM +07:00",1,1,2,Not sure,No,No,Yes,Not sure,Yes,No,Just keep them in a pile,Strength and nature of ants,Cure for this injury,Morning,Not sure,Make them quite,Sceince,Biochemistry,Biology,Formal,Paper,Mindset to go to school,Healthy Body,Relaxing,Relaxing,Yes,Yes,Yes,Not sure,No,Yes,No,Yes,No,No,Yes,No,Yes,Yes,Yes,Yes,No,No,Not sure,Not sure,Doctor
"5/20/2023 11:56:35 PM +07:00",1,2,2,Yes,Yes,Yes,Yes,No,Not sure,No,Make them ordered,Count of ants,How to prevent him from get injured in future,Morning,No,Ignore them,Bangla,Business Studies,Mathematics,Formal,Paper,Mindset to go to school,Fresh Mind,Eating,Playing,Yes,Yes,Yes,Yes,Not sure,No,Yes,Yes,No,No,Yes,Yes,Yes,No,Not sure,Yes,Yes,Yes,No,No,Business Related Profession
"5/20/2023 11:56:35 PM +07:00",1,1,2,Not sure,No,Yes,Yes,Yes,Yes,Yes,Ignore them,Strength and nature of ants,How to prevent him from get injured in future,Morning,No,Search for a pattern in the noise,Sceince,Chemistry,Programming,Informative,Paper,Mindset to go to school,Healthy Body,Sleeping,Playing,Yes,No,Yes,Not sure,Yes,No,Yes,Yes,Yes,No,No,Yes,No,Yes,Yes,No,Yes,No,No,No,Engineer
"5/20/2023 11:56:35 PM +07:00",1,1,2,Yes,No,Yes,No,No,Not sure,No,Just keep them in a pile,Strength and nature of ants,Cure for this injury,Morning,No,Ignore them,Drawing,literature,Programming,Funny,Paper,Mindset to go to school,Healthy Brain,Reading,Browsing Internet,Yes,No,No,Not sure,Not sure,No,Yes,Yes,No,Yes,Yes,Not sure,Yes,Yes,No,Yes,Yes,Not sure,Yes,Not sure,Engineer
"5/20/2023 11:56:35 PM +07:00",1,2,2,Not sure,No,No,Yes,Not sure,Yes,No,Just keep them in a pile,Strength and nature of ants,Cure for this injury,Morning,Not sure,Make them quite,Sceince,Biology,Biology,Formal,Paper,Mindset to go to school,Healthy Body,Relaxing,Relaxing,Yes,Yes,Yes,No,No,No,No,Yes,No,Yes,Yes,No,No,Yes,Yes,Yes,No,No,Not sure,Not sure,Doctor
"5/20/2023 11:56:35 PM +07:00",1,2,2,Yes,Yes,Yes,No,Yes,Yes,No,Ignore them,Strength and nature of ants,Cure for this injury,Morning,No,Ignore them,Sceince,Business Studies,Mathematics,Formal,Paper,Mindset to go to school,Fresh Mind,Eating,Playing,Yes,Yes,Not sure,Yes,Not sure,No,No,Yes,No,No,Yes,No,Yes,Yes,Not sure,Yes,Yes,Yes,No,Yes,Business Related Profession
"5/20/2023 11:56:35 PM +07:00",1,2,2,Not sure,Yes,Yes,Yes,Not sure,Yes,Yes,Just keep them in a pile,Strength and nature of ants,How to prevent him from get injured in future,Night,Yes,Ignore them,Mathematics,Programming,Programming,Funny,Paper,Mindset to go to school,Healthy Body,Eating,Relaxing,Yes,Yes,Yes,Yes,Not sure,Yes,Yes,Yes,No,Yes,Yes,Yes,Yes,No,Not sure,Yes,Yes,Not sure,Yes,Yes,Engineer
"5/20/2023 11:56:35 PM +07:00",1,1,1,No,Yes,Yes,Yes,Yes,No,Yes,Make them ordered,Strength and nature of ants,Cure for this injury,Morning,No,Search for a pattern in the noise,Mathematics,Programming,Physics,Informative,Paper,Mindset to go to school,Fresh Mind,Taking bath,Browsing Internet,Yes,No,Yes,Yes,No,No,No,Yes,No,No,Yes,Yes,Yes,Yes,Yes,No,Yes,No,Yes,Yes,Engineer
"5/20/2023 11:56:35 PM +07:00",1,2,2,Not sure,No,No,Yes,Yes,Yes,No,Just keep them in a pile,Strength and nature of ants,Cure for this injury,Morning,No,Make them quite,Drawing,Biochemistry,Biology,Formal,Paper,Mindset to go to school,Healthy Body,Relaxing,Relaxing,Yes,Yes,Yes,Not sure,No,No,No,Yes,No,Yes,Yes,No,Yes,Yes,Yes,Yes,No,No,Not sure,Not sure,Doctor
"5/20/2023 11:56:35 PM +07:00",1,1,2,Not sure,Yes,Yes,Yes,Not sure,Yes,Yes,Ignore them,Count of ants,Cure for this injury,Morning,Yes,Make them quite,Mathematics,Chemistry,Business Studies,Formal,Paper,Mindset to go to school,Healthy Body,Relaxing,Reading,Yes,Yes,Not sure,Yes,Yes,No,Yes,Yes,No,No,Yes,Not sure,Yes,No,Yes,Yes,Yes,Not sure,Not sure,No,Business Related Profession
"5/20/2023 11:56:35 PM +07:00",2,0,2,Not sure,No,Yes,No,Yes,Yes,No,Make them ordered,Strength and nature of ants,Cure for this injury,Night,No,Make them quite,Sceince,Chemistry,Programming,Informative,Paper,Mindset to go to school,Healthy Body,Eating,Playing,Yes,Yes,Yes,Yes,Yes,Yes,No,Not sure,Yes,Yes,Not sure,Not sure,Yes,No,No,Yes,Yes,Not sure,Yes,Yes,Engineer
"5/20/2023 11:56:35 PM +07:00",0,2,1,Yes,No,Yes,Yes,Yes,Yes,Yes,Make them ordered,Count of ants,Cure for this injury,Morning,Yes,Search for a pattern in the noise,Bangla,Chemistry,Programming,Informative,Paper,Dressed up accordingly,Healthy Body,Sleeping,Relaxing,Yes,No,Yes,Not sure,Yes,Yes,Yes,Yes,No,No,Not sure,Not sure,Not sure,Yes,No,Not sure,Yes,No,Yes,Yes,Engineer
"5/20/2023 11:56:35 PM +07:00",1,1,2,Yes,Yes,Yes,Yes,Not sure,Not sure,Yes,Make them ordered,Strength and nature of ants,Cure for this injury,Night,No,Make them quite,Sceince,Chemistry,Programming,Funny,Paper,Mindset to go to school,Fresh Mind,Relaxing,Relaxing,Yes,No,Yes,Yes,No,No,Yes,No,No,Yes,Yes,No,Yes,No,No,Yes,Yes,Yes,Not sure,Yes,Engineer
"5/20/2023 11:56:35 PM +07:00",1,0,2,No,Yes,Yes,No,Yes,No,No,Make them ordered,Strength and nature of ants,How to prevent him from get injured in future,Morning,Not sure,Search for a pattern in the noise,Mathematics,Programming,Business Studies,Funny,Paper,Mindset to go to school,Fresh Mind,Eating,Playing,Yes,Yes,Yes,Yes,Yes,Yes,Yes,Yes,No,No,Yes,Not sure,Not sure,Not sure,Not sure,No,Yes,Yes,Not sure,Yes,Doctor
"5/20/2023 11:56:35 PM +07:00",1,2,2,Not sure,No,No,Yes,Not sure,No,Yes,Make them ordered,Strength and nature of ants,Cure for this injury,Morning,No,Make them quite,Mathematics,Other,Programming,Informative,Paper,Mindset to go to school,Healthy Brain,Sleeping,Playing,Yes,Yes,Not sure,Yes,Not sure,No,No,Not sure,Yes,Yes,Yes,Yes,Not sure,Yes,Not sure,No,Yes,No,Yes,Yes,Doctor
"5/20/2023 11:56:35 PM +07:00",1,0,1,No,No,Yes,Not sure,Yes,Yes,Yes,Make them ordered,Count of ants,Cure for this injury,Morning,No,Ignore them,Mathematics,Chemistry,Physics,Funny,Paper,Mindset to go to school,Healthy Body,Eating,Relaxing,Yes,Yes,Yes,Yes,No,No,Yes,No,Yes,No,Yes,Yes,Yes,Not sure,No,No,Yes,Not sure,Yes,Not sure,Engineer
"5/20/2023 11:56:35 PM +07:00",2,0,1,Yes,Yes,Not sure,No,Not sure,No,Yes,Make them ordered,Strength and nature of ants,How to prevent him from get injured in future,Night,No,Ignore them,Drawing,Physics,Programming,Informative,Paper,Dressed up accordingly,Fresh Mind,Reading,Playing,Yes,No,Yes,Yes,Yes,Yes,Not sure,No,No,Yes,No,Yes,Yes,No,No,Yes,Yes,Yes,Yes,Yes,Engineer
"5/20/2023 11:56:35 PM +07:00",2,1,2,No,No,Yes,Yes,Not sure,No,Yes,Ignore them,Strength and nature of ants,Cure for this injury,Night,Not sure,Ignore them,Mathematics,Physics,Physics,Informative,Color,Mindset to go to school,Healthy Body,Eating,Browsing Internet,Not sure,No,Yes,Yes,Yes,Yes,Yes,Yes,No,Yes,Not sure,No,Yes,Yes,Yes,No,No,No,No,Not sure,Engineer
"5/20/2023 11:56:35 PM +07:00",1,0,2,Yes,No,Yes,Yes,Yes,No,Yes,Make them ordered,Count of ants,How to prevent him from get injured in future,Night,Yes,Ignore them,Mathematics,literature,Programming,Funny,Paper,Mindset to go to school,Healthy Body,Sleeping,Other,Not sure,Yes,No,Yes,No,Yes,Yes,Yes,No,Yes,Yes,Not sure,No,No,Yes,No,Yes,No,Yes,Not sure,Engineer
"5/20/2023 11:56:35 PM +07:00",1,2,2,Not sure,No,No,Yes,Yes,Yes,No,Just keep them in a pile,Strength and nature of ants,Cure for this injury,Morning,No,Make them quite,Sceince,Biochemistry,Biology,Formal,Paper,Mindset to go to school,Healthy Body,Relaxing,Relaxing,Yes,Yes,Yes,Not sure,No,No,No,Yes,No,Yes,Yes,No,Yes,Yes,Yes,Yes,No,No,Not sure,Not sure,Doctor
"5/20/2023 11:56:35 PM +07:00",2,2,2,No,No,No,No,Yes,Yes,Yes,Just keep them in a pile,Strength and nature of ants,How to prevent him from get injured in future,Night,No,Ignore them,Religious Studies,literature,Physics,Funny,Paper,Mindset to go to school,Fresh Mind,Eating,Sleeping,Yes,No,Yes,Yes,Yes,Yes,Yes,Yes,Yes,Yes,No,Yes,No,Yes,Yes,No,No,No,No,No,Engineer
"5/20/2023 11:56:35 PM +07:00",2,0,2,Yes,No,Yes,No,Yes,Yes,Yes,Just keep them in a pile,Strength and nature of ants,What was his mistake,Morning,Yes,Ignore them,Mathematics,Chemistry,Physics,Funny,Font,Mindset to go to school,Fresh Mind,Eating,Watching TV,Yes,No,No,Yes,Yes,No,Yes,Yes,Yes,Yes,Yes,Not sure,Yes,No,No,No,No,Not sure,Yes,Not sure,Engineer
"5/20/2023 11:56:35 PM +07:00",1,1,2,Not sure,No,No,Yes,Not sure,Yes,No,Just keep them in a pile,Strength and nature of ants,Cure for this injury,Morning,No,Make them quite,Drawing,Biochemistry,Biology,Formal,Paper,Mindset to go to school,Healthy Body,Relaxing,Relaxing,Yes,Yes,Yes,No,No,No,No,Yes,No,No,Yes,No,Yes,Yes,Yes,Yes,No,No,Not sure,Not sure,Doctor
"5/20/2023 11:56:35 PM +07:00",1,0,2,Not sure,Yes,Yes,No,Yes,No,Yes,Make them ordered,Strength and nature of ants,Cure for this injury,Morning,No,Make them quite,Mathematics,Chemistry,Physics,Informative,Font,Mindset to go to school,Healthy Body,Eating,Sleeping,Yes,No,Yes,Yes,No,Yes,Yes,No,No,Yes,Yes,Yes,Not sure,Not sure,No,No,Yes,Yes,Not sure,Yes,Engineer
"5/20/2023 11:56:35 PM +07:00",0,2,2,Not sure,Yes,No,Yes,Yes,Yes,Yes,Ignore them,Discipline of ants,Cure for this injury,Night,No,Ignore them,Bangla,literature,Chemistry,Informative,Font,Mindset to go to school,Fresh Mind,Eating,Playing,Not sure,Yes,Yes,Yes,Yes,Yes,No,Yes,No,No,No,No,Yes,Yes,No,Not sure,No,No,Yes,Yes,Engineer
"5/20/2023 11:56:35 PM +07:00",1,1,0,No,No,No,Yes,Not sure,No,Yes,Make them ordered,Count of ants,Cure for this injury,Night,Not sure,Make them quite,Sceince,literature,Programming,Informative,Paper,Dressed up accordingly,Fresh Mind,Reading,Sleeping,Yes,No,No,Yes,Yes,Not sure,Yes,No,No,No,Yes,No,Not sure,No,No,Yes,Yes,No,No,No,Engineer
"5/20/2023 11:56:35 PM +07:00",1,2,2,Yes,Yes,Yes,No,No,Not sure,No,Ignore them,Strength and nature of ants,Cure for this injury,Night,No,Ignore them,Sceince,Mathematics,Business Studies,Formal,Paper,Mindset to go to school,Healthy Brain,Eating,Browsing Internet,Yes,Yes,Yes,Yes,Not sure,No,No,Yes,No,No,Yes,Yes,Yes,Yes,No,Yes,Yes,Yes,No,No,Business Related Profession
"5/20/2023 11:56:35 PM +07:00",1,2,2,Not sure,No,No,Yes,Not sure,Yes,No,Just keep them in a pile,Strength and nature of ants,Cure for this injury,Morning,No,Make them quite,Drawing,Biology,Biology,Formal,Paper,Dressed up accordingly,Healthy Body,Relaxing,Relaxing,Yes,Yes,Yes,Not sure,No,Yes,No,Yes,No,No,Yes,No,No,Yes,Yes,Yes,No,No,Not sure,Not sure,Doctor
"5/20/2023 11:56:35 PM +07:00",2,1,1,No,No,Yes,Yes,Yes,Yes,Yes,Make them ordered,Count of ants,Cure for this injury,Night,No,Ignore them,Drawing,Biology,Programming,Informative,Paper,Mindset to go to school,Fresh Mind,Relaxing,Browsing Internet,Yes,Yes,Yes,Yes,No,No,Yes,Yes,No,No,No,Not sure,Yes,Yes,No,Yes,No,Yes,No,Yes,Engineer
"5/20/2023 11:56:35 PM +07:00",1,1,2,Not sure,No,No,Yes,Yes,Yes,No,Just keep them in a pile,Strength and nature of ants,Cure for this injury,Morning,Not sure,Make them quite,Sceince,Biology,Biology,Formal,Paper,Dressed up accordingly,Healthy Body,Relaxing,Relaxing,Yes,Yes,Yes,Not sure,No,Yes,No,Yes,No,Yes,Yes,No,No,Yes,Yes,Yes,No,No,Not sure,Not sure,Doctor
"5/20/2023 11:56:35 PM +07:00",2,0,1,No,No,No,Not sure,Yes,Yes,Yes,Just keep them in a pile,Discipline of ants,Cure for this injury,Night,Yes,Ignore them,Mathematics,Chemistry,Biology,Funny,Paper,Mindset to go to school,Fresh Mind,Sleeping,Browsing Internet,No,No,Yes,Yes,Yes,Yes,Yes,Yes,No,Yes,Yes,Not sure,Yes,Not sure,Yes,Yes,Yes,No,Yes,Not sure,Engineer
"5/20/2023 11:56:35 PM +07:00",2,1,1,Not sure,No,Yes,Yes,Yes,Yes,Yes,Ignore them,Discipline of ants,What was his mistake,Morning,No,Make them quite,Bangla,Programming,Physics,Informative,Font,Mindset to go to school,Healthy Body,Sleeping,Relaxing,Yes,No,Yes,Yes,Yes,No,Yes,Yes,No,Yes,No,No,No,No,No,No,No,Not sure,Yes,Yes,Engineer
"5/20/2023 11:56:35 PM +07:00",1,1,2,Not sure,No,No,Yes,Not sure,Yes,No,Just keep them in a pile,Strength and nature of ants,Cure for this injury,Morning,No,Make them quite,Sceince,Biology,Biology,Formal,Paper,Mindset to go to school,Healthy Body,Relaxing,Relaxing,Yes,Yes,Yes,Not sure,No,No,No,Yes,No,Yes,Yes,No,No,Yes,Yes,Yes,No,No,Not sure,Not sure,Doctor
"5/20/2023 11:56:35 PM +07:00",2,1,1,No,No,No,No,Yes,Yes,No,Make them ordered,Strength and nature of ants,Cure for this injury,Morning,No,Make them quite,Other,Chemistry,Programming,Informative,Paper,Mindset to go to school,Fresh Mind,Sleeping,Relaxing,Yes,No,No,Yes,Yes,No,Yes,Yes,Yes,No,Yes,No,Yes,No,Not sure,No,No,Not sure,Yes,Yes,Engineer
"5/20/2023 11:56:35 PM +07:00",1,2,2,Yes,No,Yes,No,Yes,Yes,Yes,Just keep them in a pile,Count of ants,Cure for this injury,Morning,Yes,Ignore them,Religious Studies,Business Studies,Programming,Formal,Font,Mindset to go to school,Healthy Body,Sleeping,Reading,Yes,Yes,Yes,Yes,No,No,Yes,No,Yes,Yes,Yes,Yes,Yes,Yes,No,Yes,Yes,Yes,No,Yes,Doctor
"5/20/2023 11:56:35 PM +07:00",1,1,1,No,No,Yes,Yes,Yes,Not sure,Yes,Make them ordered,Discipline of ants,Cure for this injury,Morning,No,Make them quite,Mathematics,Biology,Programming,Formal,Paper,Mindset to go to school,Fresh Mind,Eating,Relaxing,Yes,No,Yes,Yes,Yes,Yes,No,No,Yes,Yes,No,No,Yes,No,No,No,Yes,Yes,Yes,Yes,Engineer
"5/20/2023 11:56:35 PM +07:00",2,1,1,Not sure,Yes,Yes,Not sure,Yes,No,Yes,Make them ordered,Count of ants,Cure for this injury,Night,No,Ignore them,Mathematics,Physics,Programming,Informative,Paper,Mindset to go to school,Fresh Mind,Sleeping,Relaxing,Yes,Yes,No,Not sure,No,Yes,Yes,No,No,No,No,Yes,Yes,No,Yes,Not sure,Yes,Yes,Not sure,Yes,Engineer
"5/20/2023 11:56:35 PM +07:00",1,1,2,Not sure,No,No,Yes,Not sure,Yes,No,Just keep them in a pile,Strength and nature of ants,Cure for this injury,Morning,Not sure,Make them quite,Sceince,Biology,Biology,Formal,Paper,Dressed up accordingly,Healthy Body,Relaxing,Relaxing,Yes,Yes,Yes,No,No,Yes,No,Yes,No,No,Yes,No,Yes,Yes,Yes,Yes,No,No,Not sure,Not sure,Doctor
"5/20/2023 11:56:35 PM +07:00",1,2,2,Not sure,No,No,Yes,Yes,Yes,No,Just keep them in a pile,Strength and nature of ants,Cure for this injury,Morning,No,Make them quite,Drawing,Biochemistry,Biology,Formal,Paper,Mindset to go to school,Healthy Body,Relaxing,Relaxing,Yes,Yes,Yes,No,No,No,No,Yes,No,No,Yes,No,Yes,Yes,Yes,Yes,No,No,Not sure,Not sure,Doctor
"5/20/2023 11:56:35 PM +07:00",1,2,2,Yes,Yes,Yes,Yes,Yes,Not sure,No,Ignore them,Strength and nature of ants,Cure for this injury,Night,No,Ignore them,Bangla,Business Studies,Mathematics,Formal,Paper,Mindset to go to school,Fresh Mind,Eating,Playing,Yes,Yes,Yes,Yes,Not sure,No,No,Yes,No,Yes,Yes,Yes,Yes,Yes,Not sure,No,Yes,Yes,Yes,Yes,Business Related Profession
"5/20/2023 11:56:35 PM +07:00",1,1,2,Not sure,No,No,Not sure,Yes,Not sure,No,Make them ordered,Strength and nature of ants,Cure for this injury,Night,No,Search for a pattern in the noise,Other,Physics,Programming,Informative,Font,Mindset to go to school,Healthy Body,Sleeping,Browsing Internet,Yes,No,No,Yes,Yes,No,No,Yes,No,No,Yes,No,Yes,Yes,No,Yes,Yes,No,Yes,Yes,Engineer
2020/11/18 12:51:40 AM GMT+7,1,0,2,Not sure,Yes,Yes,Yes,Yes,Yes,Yes,Make them ordered,Discipline of ants,How to prevent him from get injured in future,Morning,Yes,Ignore them,Other,Chemistry,Programming,Funny,Paper,Mindset to go to school,Fresh Mind,Relaxing,Relaxing,Yes,No,Yes,Yes,Yes,Yes,Yes,Yes,No,Not sure,Yes,No,Yes,Yes,No,Yes,No,No,Yes,Yes,Engineer
"5/20/2023 11:56:35 PM +07:00",2,1,1,Yes,Yes,Yes,Not sure,Yes,No,Yes,Make them ordered,Strength and nature of ants,Cure for this injury,Morning,No,Make them quite,Mathematics,Other,Chemistry,Informative,Font,Mindset to go to school,Healthy Body,Sleeping,Relaxing,Yes,No,Not sure,Not sure,Yes,No,No,No,No,Yes,Yes,No,Not sure,No,No,No,Yes,No,Yes,Not sure,Engineer
"5/20/2023 11:56:35 PM +07:00",1,1,2,Not sure,No,No,Yes,Yes,Yes,No,Just keep them in a pile,Strength and nature of ants,Cure for this injury,Morning,No,Make them quite,Sceince,Biology,Biology,Formal,Paper,Dressed up accordingly,Healthy Body,Relaxing,Relaxing,Yes,Yes,Yes,Not sure,No,No,No,Yes,No,No,Yes,No,Yes,Yes,Yes,Yes,No,No,Not sure,Not sure,Doctor
"5/20/2023 11:56:35 PM +07:00",1,2,2,Yes,Yes,Yes,No,Yes,Yes,No,Ignore them,Strength and nature of ants,Cure for this injury,Morning,No,Ignore them,Sceince,Business Studies,Mathematics,Formal,Paper,Mindset to go to school,Fresh Mind,Eating,Playing,Yes,Yes,Not sure,Yes,Not sure,No,No,Yes,No,No,Yes,No,Yes,Yes,Not sure,Yes,Yes,Yes,No,Yes,Business Related Profession
"5/20/2023 11:56:35 PM +07:00",1,2,0,Not sure,Yes,Yes,Yes,Yes,No,Yes,Make them ordered,Discipline of ants,Cure for this injury,Afternoon,No,Ignore them,Mathematics,Mathematics,Other,Informative,Font,Mindset to go to school,Healthy Body,Reading,Playing,Yes,Yes,Yes,Yes,Not sure,No,Yes,Yes,No,No,Yes,Yes,Yes,Yes,No,No,No,Yes,Yes,Not sure,Business Related Profession
"5/20/2023 11:56:35 PM +07:00",1,2,2,Not sure,No,No,Yes,Yes,Yes,No,Just keep them in a pile,Strength and nature of ants,Cure for this injury,Morning,No,Make them quite,Sceince,Biology,Biology,Formal,Paper,Dressed up accordingly,Healthy Body,Relaxing,Relaxing,Yes,Yes,Yes,Not sure,No,No,No,Yes,No,No,Yes,No,Yes,Yes,Yes,Yes,No,No,Not sure,Not sure,Doctor
"5/20/2023 11:56:35 PM +07:00",1,1,1,Not sure,No,Yes,Not sure,Not sure,No,Yes,Just keep them in a pile,Discipline of ants,How to prevent him from get injured in future,Night,No,Ignore them,Mathematics,Chemistry,Physics,Funny,Font,Dressed up accordingly,Healthy Brain,Eating,Relaxing,Yes,Not sure,Yes,Yes,Yes,No,Yes,Yes,Yes,Yes,Yes,Yes,Yes,No,No,Yes,Yes,Yes,Yes,Yes,Engineer
"5/20/2023 11:56:35 PM +07:00",1,2,1,Yes,Yes,Yes,No,Yes,Not sure,No,Make them ordered,Count of ants,How to prevent him from get injured in future,Morning,Yes,Ignore them,Sceince,Mathematics,Business Studies,Formal,Paper,Mindset to go to school,Fresh Mind,Eating,Playing,Yes,Yes,Yes,Yes,Not sure,No,Yes,Yes,No,Yes,Yes,Yes,Yes,Yes,No,No,Yes,Yes,Yes,Yes,Business Related Profession
"5/20/2023 11:56:35 PM +07:00",2,0,2,Not sure,No,Yes,No,Yes,Yes,No,Make them ordered,Strength and nature of ants,Cure for this injury,Night,No,Make them quite,Sceince,Chemistry,Programming,Informative,Paper,Mindset to go to school,Healthy Body,Eating,Playing,Yes,Yes,Yes,Yes,Yes,Yes,No,Not sure,Yes,Yes,Not sure,Not sure,Yes,No,No,Yes,Yes,Not sure,Yes,Yes,Engineer
"5/20/2023 11:56:35 PM +07:00",1,1,2,Not sure,No,Yes,Yes,Yes,Yes,No,Make them ordered,Strength and nature of ants,What was his mistake,Night,No,Ignore them,Mathematics,Physics,Physics,Informative,Font,Mindset to go to school,Fresh Mind,Eating,Playing,Yes,No,Yes,Yes,No,Yes,Yes,Yes,No,Yes,No,Yes,Yes,Not sure,No,Not sure,No,Yes,Yes,No,Engineer
"5/20/2023 11:56:35 PM +07:00",2,0,2,No,No,Yes,Not sure,Not sure,Yes,Yes,Ignore them,Strength and nature of ants,How to prevent him from get injured in future,Morning,Not sure,Ignore them,Bangla,Other,Programming,Informative,Paper,Mindset to go to school,Healthy Body,Sleeping,Relaxing,Yes,Yes,Yes,Yes,Yes,No,No,Yes,No,Yes,No,Not sure,Yes,Yes,No,No,No,Yes,Yes,Yes,Engineer
"5/20/2023 11:56:35 PM +07:00",1,1,1,Not sure,No,No,No,Yes,Yes,No,Ignore them,Strength and nature of ants,Cure for this injury,Morning,No,Search for a pattern in the noise,Religious Studies,Chemistry,Programming,Funny,Paper,Dressed up accordingly,Healthy Body,Sleeping,Playing,Yes,Not sure,Yes,Yes,Yes,Yes,No,No,Yes,Yes,No,Not sure,Not sure,Yes,No,Yes,No,Not sure,Yes,No,Engineer
"5/20/2023 11:56:35 PM +07:00",1,2,1,Yes,Yes,Yes,Yes,No,Not sure,No,Make them ordered,Strength and nature of ants,How to prevent him from get injured in future,Morning,No,Ignore them,Bangla,Business Studies,Mathematics,Funny,Paper,Mindset to go to school,Healthy Brain,Eating,Playing,Yes,Yes,Yes,Yes,Not sure,No,Yes,Yes,No,Yes,Yes,Yes,Yes,No,No,Yes,Yes,Yes,Yes,Yes,Business Related Profession
"5/20/2023 11:56:35 PM +07:00",1,2,1,Not sure,No,Yes,Yes,Yes,Not sure,Yes,Ignore them,Strength and nature of ants,Cure for this injury,Morning,Not sure,Make them quite,Sceince,Other,Programming,Formal,Paper,Mindset to go to school,Fresh Mind,Eating,Relaxing,Yes,Yes,Yes,No,No,No,No,Yes,No,Yes,Yes,Not sure,Yes,No,Yes,Yes,No,Not sure,No,Yes,Doctor
"5/20/2023 11:56:35 PM +07:00",1,1,1,Not sure,No,Yes,No,Yes,Yes,Yes,Make them ordered,Discipline of ants,Cure for this injury,Night,No,Make them quite,Religious Studies,Geography,Programming,Funny,Font,Mindset to go to school,Fresh Mind,Relaxing,Relaxing,Not sure,No,Yes,No,Not sure,Yes,Yes,Yes,No,No,Yes,No,Yes,No,No,No,Yes,No,Yes,Yes,Engineer
"5/20/2023 11:56:35 PM +07:00",1,2,2,Yes,Yes,Yes,Yes,No,Not sure,No,Ignore them,Count of ants,How to prevent him from get injured in future,Night,Yes,Ignore them,Sceince,Mathematics,Mathematics,Funny,Paper,Mindset to go to school,Healthy Brain,Eating,Browsing Internet,Yes,Yes,Not sure,Yes,Not sure,No,No,Yes,No,Yes,Yes,Yes,Yes,No,No,Yes,Yes,Yes,Yes,No,Business Related Profession
"5/20/2023 11:56:35 PM +07:00",1,2,2,Yes,Yes,Yes,Yes,No,Not sure,No,Ignore them,Count of ants,How to prevent him from get injured in future,Night,Yes,Ignore them,Sceince,Mathematics,Mathematics,Funny,Paper,Mindset to go to school,Healthy Brain,Eating,Browsing Internet,Yes,Yes,Not sure,Yes,Not sure,No,No,Yes,No,Yes,Yes,Yes,Yes,No,No,Yes,Yes,Yes,Yes,No,Business Related Profession
"5/20/2023 11:56:35 PM +07:00",1,1,2,Not sure,No,No,Yes,Not sure,Yes,No,Just keep them in a pile,Strength and nature of ants,Cure for this injury,Morning,Not sure,Make them quite,Sceince,Biochemistry,Biology,Formal,Paper,Dressed up accordingly,Healthy Body,Relaxing,Relaxing,Yes,Yes,Yes,Not sure,No,No,No,Yes,No,Yes,Yes,No,Yes,Yes,Yes,Yes,No,No,Not sure,Not sure,Doctor
"5/20/2023 11:56:35 PM +07:00",2,1,2,Yes,Yes,Yes,No,Yes,Not sure,Yes,Just keep them in a pile,Discipline of ants,Cure for this injury,Night,No,Make them quite,Sceince,literature,Programming,Funny,Color,Mindset to go to school,Healthy Body,Sleeping,Browsing Internet,Yes,Yes,No,Not sure,Yes,Not sure,Yes,Yes,Yes,No,Yes,Yes,Yes,No,Yes,Yes,Yes,Yes,Not sure,Yes,Engineer
"5/20/2023 11:56:35 PM +07:00",1,2,2,Not sure,No,No,Yes,Yes,Yes,No,Just keep them in a pile,Strength and nature of ants,Cure for this injury,Morning,No,Make them quite,Sceince,Biochemistry,Biology,Formal,Paper,Dressed up accordingly,Healthy Body,Relaxing,Relaxing,Yes,Yes,Yes,No,No,Yes,No,Yes,No,Yes,Yes,No,No,Yes,Yes,Yes,No,No,Not sure,Not sure,Doctor
"5/20/2023 11:56:35 PM +07:00",1,2,2,No,No,No,Yes,No,Yes,No,Ignore them,Strength and nature of ants,Cure for this injury,Morning,No,Ignore them,Sceince,Physics,Other,Funny,Paper,Mindset to go to school,Healthy Body,Relaxing,Playing,Yes,No,Yes,Yes,Yes,Yes,No,Yes,No,Yes,Yes,Yes,Yes,No,Yes,No,No,No,Yes,No,Business Related Profession
"5/20/2023 11:56:35 PM +07:00",1,1,2,Not sure,No,No,Yes,Not sure,Yes,No,Just keep them in a pile,Strength and nature of ants,Cure for this injury,Morning,Not sure,Make them quite,Drawing,Biochemistry,Biology,Formal,Paper,Dressed up accordingly,Healthy Body,Relaxing,Relaxing,Yes,Yes,Yes,No,No,No,No,Yes,No,No,Yes,No,No,Yes,Yes,Yes,No,No,Not sure,Not sure,Doctor
"5/20/2023 11:56:35 PM +07:00",1,2,2,Not sure,No,No,Yes,Not sure,Yes,No,Just keep them in a pile,Strength and nature of ants,Cure for this injury,Morning,Not sure,Make them quite,Sceince,Biology,Biology,Formal,Paper,Mindset to go to school,Healthy Body,Relaxing,Relaxing,Yes,Yes,Yes,No,No,No,No,Yes,No,Yes,Yes,No,No,Yes,Yes,Yes,No,No,Not sure,Not sure,Doctor
"5/20/2023 11:56:35 PM +07:00",2,1,1,Not sure,Yes,Yes,Not sure,Yes,No,Yes,Make them ordered,Count of ants,Cure for this injury,Night,No,Ignore them,Mathematics,Physics,Programming,Informative,Paper,Mindset to go to school,Fresh Mind,Sleeping,Relaxing,Yes,Yes,No,Not sure,No,Yes,Yes,No,No,No,No,Yes,Yes,No,Yes,Not sure,Yes,Yes,Not sure,Yes,Engineer
"5/20/2023 11:56:35 PM +07:00",1,1,2,Not sure,No,Yes,No,Yes,Yes,Yes,Make them ordered,Count of ants,Cure for this injury,Morning,Not sure,Make them quite,Sceince,literature,Business Studies,Funny,Color,Mindset to go to school,Healthy Body,Sleeping,Browsing Internet,Yes,Yes,Yes,Not sure,Not sure,Yes,No,Yes,Yes,Yes,No,No,Yes,No,No,No,Yes,Yes,Yes,Yes,Engineer
"5/20/2023 11:56:35 PM +07:00",1,1,1,No,Yes,Yes,Yes,Yes,No,Yes,Just keep them in a pile,Strength and nature of ants,What was his mistake,Night,Yes,Search for a pattern in the noise,Mathematics,Other,Programming,Funny,Font,Mindset to go to school,Fresh Mind,Sleeping,Sleeping,Yes,No,Yes,Yes,Not sure,Yes,Yes,Yes,No,No,Yes,Not sure,Yes,No,Yes,No,No,No,Not sure,No,Engineer
"5/20/2023 11:56:35 PM +07:00",1,0,1,Yes,Yes,Yes,Yes,Yes,No,Yes,Make them ordered,Strength and nature of ants,Cure for this injury,Morning,No,Ignore them,Bangla,Programming,Programming,Informative,Paper,Mindset to go to school,Fresh Mind,Sleeping,Browsing Internet,Yes,Yes,Yes,Yes,Yes,Yes,Yes,Yes,No,Yes,Yes,No,Yes,No,Yes,No,Yes,No,Yes,No,Engineer
"5/20/2023 11:56:35 PM +07:00",1,1,2,Not sure,No,No,Yes,Yes,Yes,No,Just keep them in a pile,Strength and nature of ants,Cure for this injury,Morning,No,Make them quite,Sceince,Biochemistry,Biology,Formal,Paper,Dressed up accordingly,Healthy Body,Relaxing,Relaxing,Yes,Yes,Yes,No,No,Yes,No,Yes,No,Yes,Yes,No,Yes,Yes,Yes,Yes,No,No,Not sure,Not sure,Doctor
"5/20/2023 11:56:35 PM +07:00",2,0,1,No,No,Yes,Yes,Yes,No,No,Make them ordered,Count of ants,Cure for this injury,Morning,No,Ignore them,Bangla,Business Studies,Physics,Funny,Paper,Mindset to go to school,Healthy Body,Eating,Relaxing,Yes,Yes,Yes,Yes,Not sure,No,Yes,Yes,Yes,No,No,Yes,Not sure,No,Yes,No,No,Yes,No,No,Engineer
"5/20/2023 11:56:35 PM +07:00",2,1,0,No,No,Yes,Not sure,Yes,Yes,Yes,Make them ordered,Count of ants,Cure for this injury,Night,No,Ignore them,Sceince,Physics,Programming,Funny,Font,Mindset to go to school,Fresh Mind,Sleeping,Relaxing,Not sure,No,Yes,Yes,Not sure,No,Yes,Yes,Yes,No,Yes,No,No,No,No,Yes,Yes,Yes,Yes,Yes,Engineer
"5/20/2023 11:56:35 PM +07:00",2,1,0,No,Yes,Yes,Not sure,Yes,Yes,No,Ignore them,Strength and nature of ants,Cure for this injury,Morning,Yes,Make them quite,Mathematics,Mathematics,Programming,Informative,Paper,Mindset to go to school,Fresh Mind,Sleeping,Reading,Yes,Not sure,No,Yes,Yes,Yes,Yes,Not sure,Yes,No,Yes,Yes,No,No,No,Yes,No,Not sure,Yes,No,Engineer
"5/20/2023 11:56:35 PM +07:00",1,1,2,Not sure,No,Yes,Not sure,Yes,Not sure,No,Make them ordered,Strength and nature of ants,How to prevent him from get injured in future,Night,Not sure,Ignore them,Drawing,History,Programming,Informative,Font,Mindset to go to school,Healthy Body,Sleeping,Playing,Not sure,Not sure,Not sure,Yes,Yes,Yes,Yes,Yes,No,No,Yes,Yes,Yes,Yes,No,No,No,No,Not sure,Yes,Engineer
"5/20/2023 11:56:35 PM +07:00",1,2,1,Yes,Yes,Yes,No,Yes,Not sure,No,Make them ordered,Strength and nature of ants,How to prevent him from get injured in future,Morning,Yes,Ignore them,Sceince,Mathematics,Business Studies,Funny,Paper,Mindset to go to school,Fresh Mind,Eating,Playing,Yes,Yes,Not sure,Yes,Not sure,No,No,Yes,No,No,Yes,Yes,Yes,No,No,No,Yes,Yes,No,No,Business Related Profession
"5/20/2023 11:56:35 PM +07:00",1,2,2,No,No,Yes,Not sure,Yes,Yes,Yes,Just keep them in a pile,Count of ants,Cure for this injury,Morning,No,Ignore them,Mathematics,Physics,Mathematics,Informative,Font,Mindset to go to school,Healthy Body,Taking bath,Watching TV,Yes,No,Not sure,Yes,Yes,No,Yes,Yes,No,Yes,No,Yes,No,Yes,Yes,Yes,Yes,Yes,No,Yes,Engineer
"5/20/2023 11:56:35 PM +07:00",1,2,1,Yes,No,Yes,Not sure,Not sure,Yes,No,Make them ordered,Discipline of ants,How to prevent him from get injured in future,Morning,Not sure,Ignore them,Religious Studies,Mathematics,Mathematics,Formal,Paper,Mindset to go to school,Healthy Brain,Reading,Watching TV,Yes,Yes,Yes,Yes,Not sure,No,Yes,Yes,No,Yes,Yes,Yes,Yes,No,No,No,Yes,Yes,Yes,No,Engineer
"5/20/2023 11:56:35 PM +07:00",1,1,2,Not sure,No,No,Yes,Yes,Yes,No,Just keep them in a pile,Strength and nature of ants,Cure for this injury,Morning,No,Make them quite,Drawing,Biology,Biology,Formal,Paper,Dressed up accordingly,Healthy Body,Relaxing,Relaxing,Yes,Yes,Yes,Not sure,No,Yes,No,Yes,No,No,Yes,No,Yes,Yes,Yes,Yes,No,No,Not sure,Not sure,Doctor
"5/20/2023 11:56:35 PM +07:00",2,1,1,Yes,Yes,Yes,No,No,No,Yes,Make them ordered,Strength and nature of ants,How to prevent him from get injured in future,Night,No,Ignore them,Sceince,Physics,Programming,Funny,Paper,Mindset to go to school,Fresh Mind,Eating,Browsing Internet,Yes,Not sure,Yes,Yes,Yes,No,Yes,Yes,No,No,Not sure,No,Yes,Yes,Not sure,Yes,Yes,Yes,No,Not sure,Engineer
"5/20/2023 11:56:35 PM +07:00",0,0,2,Not sure,No,Yes,No,No,Not sure,Yes,Make them ordered,Strength and nature of ants,Cure for this injury,Morning,No,Ignore them,Sceince,Programming,Physics,Funny,Paper,Mindset to go to school,Healthy Body,Eating,Playing,Yes,Yes,Yes,Yes,No,Yes,No,Yes,No,No,Yes,Yes,Yes,Not sure,Not sure,Yes,Yes,No,Yes,Not sure,Engineer
"5/20/2023 11:56:35 PM +07:00",1,1,2,Not sure,No,No,Yes,Yes,Yes,No,Just keep them in a pile,Strength and nature of ants,Cure for this injury,Morning,No,Make them quite,Sceince,Biochemistry,Biology,Formal,Paper,Dressed up accordingly,Healthy Body,Relaxing,Relaxing,Yes,Yes,Yes,No,No,No,No,Yes,No,Yes,Yes,No,Yes,Yes,Yes,Yes,No,No,Not sure,Not sure,Doctor
"5/20/2023 11:56:35 PM +07:00",1,1,2,No,No,No,Yes,Yes,Yes,Yes,Make them ordered,Discipline of ants,How to prevent him from get injured in future,Night,No,Make them quite,Other,Chemistry,Programming,Informative,Font,Mindset to go to school,Healthy Body,Sleeping,Reading,Yes,Yes,No,Yes,Not sure,Yes,Yes,No,Yes,No,Yes,No,Yes,Not sure,Yes,No,No,Not sure,Yes,Yes,Engineer
"5/20/2023 11:56:35 PM +07:00",2,0,2,No,No,Yes,No,Yes,Yes,Yes,Make them ordered,Strength and nature of ants,How to prevent him from get injured in future,Night,No,Ignore them,Mathematics,Chemistry,Programming,Funny,Paper,Mindset to go to school,Healthy Body,Eating,Browsing Internet,Not sure,Yes,Not sure,Not sure,Yes,No,Yes,Yes,Yes,Yes,Yes,Yes,Not sure,No,Not sure,No,Yes,Not sure,Yes,Yes,Engineer
"5/20/2023 11:56:35 PM +07:00",2,1,1,Yes,Not sure,Yes,Yes,Yes,Yes,Yes,Make them ordered,Strength and nature of ants,Cure for this injury,Morning,Yes,Ignore them,Sceince,Geography,literature,Funny,Paper,Mindset to go to school,Fresh Mind,Taking bath,Relaxing,Yes,No,Yes,Yes,Yes,Yes,Yes,Yes,Yes,No,Yes,Yes,Yes,Yes,No,No,No,No,Yes,No,Engineer
"5/20/2023 11:56:35 PM +07:00",1,1,2,Not sure,No,No,Yes,Yes,Yes,No,Just keep them in a pile,Strength and nature of ants,Cure for this injury,Morning,Not sure,Make them quite,Drawing,Biology,Biology,Formal,Paper,Mindset to go to school,Healthy Body,Relaxing,Relaxing,Yes,Yes,Yes,No,No,No,No,Yes,No,Yes,Yes,No,No,Yes,Yes,Yes,No,No,Not sure,Not sure,Doctor
"5/20/2023 11:56:35 PM +07:00",1,0,1,Not sure,No,Yes,Yes,Yes,No,Yes,Ignore them,Count of ants,Cure for this injury,Morning,No,Search for a pattern in the noise,Religious Studies,Programming,Biology,Funny,Font,Mindset to go to school,Healthy Body,Eating,Relaxing,Yes,Yes,Yes,Yes,Not sure,Yes,Yes,No,No,No,No,No,Yes,Yes,No,No,Yes,Not sure,Yes,No,Engineer
"5/20/2023 11:56:35 PM +07:00",1,2,2,Yes,No,Yes,No,No,Not sure,No,Ignore them,Strength and nature of ants,How to prevent him from get injured in future,Night,Yes,Ignore them,Sceince,Business Studies,Business Studies,Funny,Paper,Mindset to go to school,Fresh Mind,Eating,Browsing Internet,Yes,Yes,Not sure,Yes,Not sure,No,Yes,Yes,No,No,Yes,Yes,Yes,Yes,Not sure,Yes,Yes,Yes,Yes,No,Business Related Profession
"5/20/2023 11:56:35 PM +07:00",1,1,1,No,No,No,Yes,Yes,Yes,Yes,Just keep them in a pile,Count of ants,How to prevent him from get injured in future,Morning,Yes,Ignore them,Mathematics,Other,Biology,Informative,Paper,Dressed up accordingly,Healthy Body,Eating,Other,Yes,Not sure,Yes,Yes,Not sure,Yes,No,Yes,Yes,Yes,Yes,No,Yes,No,No,Not sure,No,Yes,Yes,Yes,Engineer
"5/20/2023 11:56:35 PM +07:00",1,1,1,Yes,No,No,No,Yes,No,Yes,Make them ordered,Strength and nature of ants,How to prevent him from get injured in future,Morning,No,Ignore them,Drawing,Other,Physics,Informative,Paper,Mindset to go to school,Healthy Body,Sleeping,Relaxing,No,No,Yes,Yes,No,Yes,Yes,No,No,Yes,Yes,Yes,No,Yes,Yes,No,Yes,No,Yes,Yes,Engineer
"5/20/2023 11:56:35 PM +07:00",1,2,1,No,No,Yes,Yes,No,No,No,Ignore them,Count of ants,Cure for this injury,Night,No,Ignore them,Mathematics,Biology,Business Studies,Funny,Font,Mindset to go to school,Healthy Body,Eating,Relaxing,Yes,Yes,Not sure,Yes,Yes,No,Yes,Yes,No,Yes,Yes,No,Yes,No,Yes,No,Yes,Not sure,Yes,Yes,Engineer
"5/20/2023 11:56:35 PM +07:00",1,2,1,Yes,Yes,Yes,Yes,No,Not sure,No,Make them ordered,Strength and nature of ants,How to prevent him from get injured in future,Morning,No,Ignore them,Sceince,Business Studies,Business Studies,Formal,Paper,Mindset to go to school,Healthy Brain,Eating,Browsing Internet,Yes,Yes,Not sure,Yes,Not sure,No,Yes,Yes,No,No,Yes,No,Yes,No,Not sure,No,Yes,Yes,No,Yes,Business Related Profession
"5/20/2023 11:56:35 PM +07:00",1,2,2,Yes,Yes,Yes,No,Yes,Not sure,No,Make them ordered,Count of ants,Cure for this injury,Morning,Yes,Ignore them,Bangla,Mathematics,Business Studies,Formal,Paper,Mindset to go to school,Fresh Mind,Eating,Browsing Internet,Yes,Yes,Yes,Yes,Not sure,No,No,Yes,No,Yes,Yes,Yes,Yes,Yes,No,Yes,Yes,Yes,No,Yes,Business Related Profession
"5/20/2023 11:56:35 PM +07:00",1,2,2,Not sure,No,No,Yes,Yes,Yes,No,Just keep them in a pile,Strength and nature of ants,Cure for this injury,Morning,Not sure,Make them quite,Sceince,Biochemistry,Biology,Formal,Paper,Mindset to go to school,Healthy Body,Relaxing,Relaxing,Yes,Yes,Yes,No,No,Yes,No,Yes,No,Yes,Yes,No,Yes,Yes,Yes,Yes,No,No,Not sure,Not sure,Doctor
"5/20/2023 11:56:35 PM +07:00",1,1,2,Not sure,No,No,Yes,Not sure,Yes,No,Just keep them in a pile,Strength and nature of ants,Cure for this injury,Morning,Not sure,Make them quite,Sceince,Biology,Biology,Formal,Paper,Dressed up accordingly,Healthy Body,Relaxing,Relaxing,Yes,Yes,Yes,No,No,Yes,No,Yes,No,No,Yes,No,Yes,Yes,Yes,Yes,No,No,Not sure,Not sure,Doctor
"5/20/2023 11:56:35 PM +07:00",2,1,2,No,Yes,Yes,Not sure,Yes,Yes,Yes,Ignore them,Discipline of ants,Cure for this injury,Morning,Yes,Search for a pattern in the noise,Bangla,Programming,Other,Funny,Font,Mindset to go to school,Fresh Mind,Eating,Watching TV,Not sure,No,Not sure,Not sure,Yes,Not sure,Yes,No,No,Yes,No,No,Yes,Not sure,Yes,Yes,Yes,No,Yes,Yes,Engineer
"5/20/2023 11:56:35 PM +07:00",1,2,1,Yes,No,Yes,Yes,Yes,Not sure,No,Make them ordered,Strength and nature of ants,Cure for this injury,Morning,Yes,Ignore them,Sceince,Mathematics,Business Studies,Funny,Paper,Mindset to go to school,Fresh Mind,Eating,Browsing Internet,Yes,Yes,Yes,Yes,Not sure,No,No,Yes,No,Yes,Yes,Yes,Yes,Yes,No,No,Yes,Yes,No,Yes,Business Related Profession
"5/20/2023 11:56:35 PM +07:00",1,2,2,Yes,Yes,Yes,No,Yes,Yes,No,Ignore them,Strength and nature of ants,How to prevent him from get injured in future,Morning,Yes,Ignore them,Bangla,Business Studies,Business Studies,Formal,Paper,Mindset to go to school,Healthy Brain,Eating,Playing,Yes,Yes,Not sure,Yes,Not sure,No,No,Yes,No,No,Yes,No,Yes,No,No,Yes,Yes,Yes,Yes,Yes,Business Related Profession
2020/11/05 12:56:36 AM GMT+7,1,1,2,No,Yes,Yes,No,Yes,Yes,Not sure,Just keep them in a pile,Strength and nature of ants,Cure for this injury,Night,No,Ignore them,Sceince,Physics,Other,Informative,Font,Dressed up accordingly,Healthy Body,Eating,Relaxing,Yes,No,No,Yes,Yes,Yes,Yes,Yes,No,No,Yes,No,Yes,No,No,No,Yes,No,Yes,Yes,Engineer
"5/20/2023 11:56:35 PM +07:00",1,1,1,Not sure,No,Yes,Yes,Yes,Yes,Yes,Make them ordered,Discipline of ants,Cure for this injury,Night,Yes,Make them quite,Mathematics,Other,Physics,Informative,Font,Mindset to go to school,Healthy Body,Sleeping,Relaxing,Yes,Yes,No,Not sure,Yes,Yes,Yes,No,No,No,Yes,No,Yes,Not sure,Yes,Yes,Yes,No,Yes,Not sure,Engineer
2020/11/18 3:30:12 PM GMT+7,2,0,2,Yes,Not sure,Yes,Not sure,Not sure,No,Yes,Just keep them in a pile,Count of ants,Cure for this injury,Night,Yes,Ignore them,Mathematics,Physics,Physics,Informative,Font,Dressed up accordingly,Fresh Mind,Taking bath,Relaxing,Not sure,No,Yes,Yes,Not sure,Yes,Yes,Not sure,No,No,No,Not sure,Yes,No,No,No,Yes,Yes,Not sure,Yes,Engineer
"5/20/2023 11:56:35 PM +07:00",1,1,2,No,Yes,Yes,Yes,Yes,Yes,Yes,Make them ordered,Discipline of ants,Cure for this injury,Night,No,Make them quite,Other,Mathematics,Programming,Funny,Paper,Mindset to go to school,Healthy Body,Eating,Reading,Yes,No,No,Yes,Yes,No,Yes,No,Yes,No,Yes,No,Yes,No,Yes,No,No,Not sure,No,No,Engineer
"5/20/2023 11:56:35 PM +07:00",2,2,2,Yes,No,Yes,Yes,Yes,Yes,Yes,Make them ordered,Discipline of ants,How to prevent him from get injured in future,Morning,No,Ignore them,Sceince,Mathematics,Programming,Funny,Paper,Mindset to go to school,Fresh Mind,Eating,Browsing Internet,Yes,Yes,Yes,Yes,No,Yes,Yes,Yes,No,Not sure,Yes,No,Yes,No,No,Yes,Yes,Yes,Yes,Yes,Business Related Profession
"5/20/2023 11:56:35 PM +07:00",1,0,1,No,No,No,Not sure,Not sure,Yes,Yes,Make them ordered,Discipline of ants,Cure for this injury,Night,No,Ignore them,Mathematics,Mathematics,Biology,Funny,Paper,Mindset to go to school,Fresh Mind,Taking bath,Relaxing,Yes,Yes,No,Yes,Yes,Yes,Yes,No,No,Yes,Yes,Not sure,Yes,No,No,No,Yes,Not sure,Yes,No,Engineer
"5/20/2023 11:56:35 PM +07:00",0,2,1,Yes,No,No,No,Not sure,No,No,Ignore them,Strength and nature of ants,Cure for this injury,Night,No,Ignore them,Mathematics,Business Studies,Programming,Funny,Paper,Mindset to go to school,Healthy Body,Relaxing,Relaxing,Not sure,No,Yes,Yes,No,Not sure,No,No,No,Yes,Yes,No,Yes,Not sure,Yes,No,No,No,Yes,Yes,Engineer
"5/20/2023 11:56:35 PM +07:00",0,1,1,No,Not sure,Yes,No,Yes,Yes,Yes,Make them ordered,Discipline of ants,Cure for this injury,Night,No,Ignore them,Mathematics,Biology,Programming,Formal,Font,Mindset to go to school,Fresh Mind,Sleeping,Relaxing,Yes,Yes,Yes,Yes,Yes,No,Yes,Yes,Yes,Yes,No,No,Yes,No,No,Yes,No,Not sure,Yes,Yes,Engineer
"5/20/2023 11:56:35 PM +07:00",1,2,2,Yes,No,Yes,No,Yes,Yes,No,Make them ordered,Count of ants,Cure for this injury,Morning,Yes,Ignore them,Sceince,Business Studies,Business Studies,Funny,Paper,Mindset to go to school,Healthy Brain,Eating,Playing,Yes,Yes,Yes,Yes,Not sure,No,No,Yes,No,Yes,Yes,Yes,Yes,No,Not sure,Yes,Yes,Yes,No,No,Business Related Profession
"5/20/2023 11:56:35 PM +07:00",1,1,2,Not sure,No,No,Yes,Not sure,Yes,No,Just keep them in a pile,Strength and nature of ants,Cure for this injury,Morning,Not sure,Make them quite,Sceince,Biochemistry,Biology,Formal,Paper,Mindset to go to school,Healthy Body,Relaxing,Relaxing,Yes,Yes,Yes,Not sure,No,No,No,Yes,No,No,Yes,No,Yes,Yes,Yes,Yes,No,No,Not sure,Not sure,Doctor
"5/20/2023 11:56:35 PM +07:00",2,1,2,Yes,Yes,No,No,Yes,No,No,Make them ordered,Discipline of ants,Cure for this injury,Night,Not sure,Ignore them,Other,Other,Programming,Funny,Paper,Mindset to go to school,Fresh Mind,Relaxing,Relaxing,Yes,No,Yes,Yes,Yes,Yes,No,No,Yes,Yes,Yes,No,Yes,No,No,Not sure,No,Not sure,Yes,No,Engineer
"5/20/2023 11:56:35 PM +07:00",1,1,1,Not sure,Yes,Yes,No,Yes,Yes,No,Make them ordered,Count of ants,Cure for this injury,Morning,No,Make them quite,Sceince,Business Studies,Mathematics,Formal,Font,Dressed up accordingly,Healthy Brain,Relaxing,Sleeping,Yes,No,No,No,Not sure,No,Yes,No,No,Yes,Yes,Not sure,Yes,Yes,Yes,Yes,Yes,Yes,Not sure,No,Engineer
"5/20/2023 11:56:35 PM +07:00",1,1,2,Not sure,No,Yes,Yes,Yes,Yes,No,Make them ordered,Strength and nature of ants,What was his mistake,Night,No,Ignore them,Mathematics,Physics,Physics,Informative,Font,Mindset to go to school,Fresh Mind,Eating,Playing,Yes,No,Yes,Yes,No,Yes,Yes,Yes,No,Yes,No,Yes,Yes,Not sure,No,Not sure,No,Yes,Yes,No,Engineer
"5/20/2023 11:56:35 PM +07:00",1,1,2,No,Yes,Yes,Yes,Not sure,Not sure,No,Just keep them in a pile,Strength and nature of ants,How to prevent him from get injured in future,Night,Yes,Ignore them,Bangla,Programming,Programming,Funny,Paper,Mindset to go to school,Healthy Brain,Eating,Relaxing,Yes,No,Yes,Not sure,No,No,Yes,No,No,Yes,Not sure,No,No,Yes,Yes,No,No,Yes,No,No,Business Related Profession
"5/20/2023 11:56:35 PM +07:00",2,1,1,No,No,Yes,Not sure,Yes,No,Yes,Make them ordered,Strength and nature of ants,Cure for this injury,Morning,No,Make them quite,Other,Programming,Physics,Funny,Paper,Mindset to go to school,Healthy Brain,Relaxing,Relaxing,Yes,No,Yes,Yes,Yes,No,Yes,Yes,Yes,Yes,Yes,No,Yes,Not sure,No,Yes,No,No,Yes,Yes,Engineer
"5/20/2023 11:56:35 PM +07:00",1,2,2,No,No,Yes,Yes,Not sure,Yes,No,Ignore them,Strength and nature of ants,Cure for this injury,Morning,Yes,Ignore them,Bangla,Geography,Other,Informative,Font,Mindset to go to school,Healthy Body,Relaxing,Other,Yes,No,Not sure,Yes,Yes,Yes,Yes,Yes,Yes,No,Not sure,Yes,Yes,Not sure,No,Yes,Yes,Yes,Yes,Yes,Engineer
"5/20/2023 11:56:35 PM +07:00",1,2,2,Yes,Yes,Yes,Yes,No,Yes,No,Make them ordered,Count of ants,Cure for this injury,Morning,Yes,Ignore them,Bangla,Mathematics,Business Studies,Funny,Paper,Mindset to go to school,Healthy Brain,Eating,Playing,Yes,Yes,Not sure,Yes,Not sure,No,Yes,Yes,No,Yes,Yes,Yes,Yes,No,No,No,Yes,Yes,Yes,No,Business Related Profession
"5/20/2023 11:56:35 PM +07:00",1,1,2,Not sure,No,No,Yes,Not sure,Yes,No,Just keep them in a pile,Strength and nature of ants,Cure for this injury,Morning,No,Make them quite,Drawing,Biochemistry,Biology,Formal,Paper,Dressed up accordingly,Healthy Body,Relaxing,Relaxing,Yes,Yes,Yes,Not sure,No,No,No,Yes,No,No,Yes,No,No,Yes,Yes,Yes,No,No,Not sure,Not sure,Doctor
"5/20/2023 11:56:35 PM +07:00",1,2,2,Not sure,No,No,Yes,Not sure,Yes,No,Just keep them in a pile,Strength and nature of ants,Cure for this injury,Morning,No,Make them quite,Sceince,Biochemistry,Biology,Formal,Paper,Dressed up accordingly,Healthy Body,Relaxing,Relaxing,Yes,Yes,Yes,Not sure,No,Yes,No,Yes,No,Yes,Yes,No,No,Yes,Yes,Yes,No,No,Not sure,Not sure,Doctor
"5/20/2023 11:56:35 PM +07:00",2,1,2,No,No,Yes,Yes,Yes,Yes,Not sure,Make them ordered,Count of ants,Cure for this injury,Night,No,Make them quite,Bangla,Mathematics,Mathematics,Formal,Color,Mindset to go to school,Healthy Body,Reading,Watching TV,Yes,Yes,No,Not sure,No,No,Yes,No,No,No,Yes,No,Yes,No,Yes,Yes,Yes,Yes,Yes,No,Engineer
"5/20/2023 11:56:35 PM +07:00",1,0,2,Not sure,Yes,Yes,No,Yes,No,Yes,Make them ordered,Strength and nature of ants,Cure for this injury,Morning,No,Make them quite,Mathematics,Chemistry,Physics,Informative,Font,Mindset to go to school,Healthy Body,Eating,Sleeping,Yes,No,Yes,Yes,No,Yes,Yes,No,No,Yes,Yes,Yes,Not sure,Not sure,No,No,Yes,Yes,Not sure,Yes,Engineer
"5/20/2023 11:56:35 PM +07:00",1,2,2,Not sure,No,No,Yes,Not sure,Yes,No,Just keep them in a pile,Strength and nature of ants,Cure for this injury,Morning,No,Make them quite,Sceince,Biochemistry,Biology,Formal,Paper,Dressed up accordingly,Healthy Body,Relaxing,Relaxing,Yes,Yes,Yes,No,No,No,No,Yes,No,Yes,Yes,No,No,Yes,Yes,Yes,No,No,Not sure,Not sure,Doctor
"5/20/2023 11:56:35 PM +07:00",1,1,1,No,No,No,Yes,Yes,No,Yes,Make them ordered,Strength and nature of ants,How to prevent him from get injured in future,Night,No,Search for a pattern in the noise,Bangla,literature,Programming,Informative,Paper,Mindset to go to school,Fresh Mind,Eating,Relaxing,Yes,No,Yes,Yes,Yes,Yes,No,Not sure,No,No,Not sure,Yes,No,Yes,Yes,No,Yes,Yes,Yes,Not sure,Engineer
"5/20/2023 11:56:35 PM +07:00",1,1,2,Not sure,No,No,Yes,Not sure,Yes,No,Just keep them in a pile,Strength and nature of ants,Cure for this injury,Morning,No,Make them quite,Drawing,Biochemistry,Biology,Formal,Paper,Mindset to go to school,Healthy Body,Relaxing,Relaxing,Yes,Yes,Yes,Not sure,No,Yes,No,Yes,No,No,Yes,No,No,Yes,Yes,Yes,No,No,Not sure,Not sure,Doctor
"5/20/2023 11:56:35 PM +07:00",1,2,2,Yes,No,Yes,Yes,Yes,Not sure,No,Ignore them,Strength and nature of ants,Cure for this injury,Night,Yes,Ignore them,Sceince,Business Studies,Business Studies,Funny,Paper,Mindset to go to school,Healthy Brain,Eating,Playing,Yes,Yes,Not sure,Yes,Not sure,No,Yes,Yes,No,Yes,Yes,No,Yes,No,No,Yes,Yes,Yes,No,Yes,Business Related Profession
"5/20/2023 11:56:35 PM +07:00",2,1,1,No,No,No,Yes,Yes,No,Yes,Ignore them,Discipline of ants,Cure for this injury,Night,No,Ignore them,Mathematics,Chemistry,Physics,Funny,Color,Dressed up accordingly,Healthy Body,Relaxing,Relaxing,Yes,Not sure,Not sure,Not sure,Yes,Yes,Yes,No,No,Yes,Yes,Yes,Not sure,No,No,Not sure,No,No,Yes,No,Engineer
"5/20/2023 11:56:35 PM +07:00",2,2,1,No,No,Yes,Yes,Yes,Not sure,Yes,Make them ordered,Strength and nature of ants,Cure for this injury,Morning,Yes,Ignore them,Mathematics,Programming,Programming,Informative,Paper,Dressed up accordingly,Fresh Mind,Taking bath,Relaxing,Yes,Not sure,Yes,Yes,No,Yes,Yes,Yes,No,No,No,Yes,Yes,Yes,No,Yes,Yes,Not sure,Not sure,Yes,Engineer
"5/20/2023 11:56:35 PM +07:00",1,1,1,Yes,Yes,Yes,Not sure,Yes,No,No,Just keep them in a pile,Discipline of ants,Cure for this injury,Night,No,Ignore them,Mathematics,Chemistry,Biology,Funny,Color,Mindset to go to school,Healthy Brain,Sleeping,Other,Yes,Not sure,No,Not sure,Not sure,Yes,Yes,Yes,No,Yes,No,Yes,No,Not sure,Yes,Not sure,Yes,No,No,No,Engineer
2020/11/17 11:31:40 PM GMT+7,2,0,1,Not sure,No,No,No,Yes,No,Yes,Just keep them in a pile,Discipline of ants,How to prevent him from get injured in future,Morning,No,Ignore them,Mathematics,Mathematics,Physics,Funny,Paper,Mindset to go to school,Healthy Body,Reading,Relaxing,Yes,No,Not sure,Not sure,No,Yes,Yes,Yes,No,No,No,Not sure,Yes,Not sure,No,Yes,Not sure,Yes,Yes,Yes,Engineer
"5/20/2023 11:56:35 PM +07:00",1,0,1,Yes,Yes,Yes,Yes,Yes,No,Yes,Make them ordered,Strength and nature of ants,Cure for this injury,Morning,No,Ignore them,Bangla,Programming,Programming,Informative,Paper,Mindset to go to school,Fresh Mind,Sleeping,Browsing Internet,Yes,Yes,Yes,Yes,Yes,Yes,Yes,Yes,No,Yes,Yes,No,Yes,No,Yes,No,Yes,No,Yes,No,Engineer
"5/20/2023 11:56:35 PM +07:00",1,1,1,No,Not sure,Yes,No,Not sure,Yes,No,Make them ordered,Discipline of ants,Cure for this injury,Morning,No,Ignore them,Bangla,Biology,Biology,Funny,Paper,Mindset to go to school,Healthy Body,Eating,Relaxing,Yes,No,Yes,Yes,No,Yes,Yes,Yes,Yes,Yes,Yes,Yes,Yes,No,Yes,No,Yes,No,Yes,Not sure,Engineer
"5/20/2023 11:56:35 PM +07:00",1,1,1,Not sure,No,No,No,Yes,Yes,No,Ignore them,Strength and nature of ants,Cure for this injury,Morning,No,Search for a pattern in the noise,Religious Studies,Chemistry,Programming,Funny,Paper,Dressed up accordingly,Healthy Body,Sleeping,Playing,Yes,Not sure,Yes,Yes,Yes,Yes,No,No,Yes,Yes,No,Not sure,Not sure,Yes,No,Yes,No,Not sure,Yes,No,Engineer
"5/20/2023 11:56:35 PM +07:00",1,1,2,Not sure,No,No,Yes,Not sure,Yes,No,Just keep them in a pile,Strength and nature of ants,Cure for this injury,Morning,Not sure,Make them quite,Drawing,Biochemistry,Biology,Formal,Paper,Dressed up accordingly,Healthy Body,Relaxing,Relaxing,Yes,Yes,Yes,No,No,Yes,No,Yes,No,No,Yes,No,Yes,Yes,Yes,Yes,No,No,Not sure,Not sure,Doctor
"5/20/2023 11:56:35 PM +07:00",1,1,1,No,No,Yes,Yes,Yes,Yes,Yes,Just keep them in a pile,Discipline of ants,What was his mistake,Morning,Not sure,Make them quite,Sceince,Mathematics,Physics,Funny,Font,Mindset to go to school,Fresh Mind,Eating,Relaxing,Yes,Yes,No,No,No,Yes,Yes,Yes,No,No,Yes,No,Yes,Yes,No,No,No,No,Yes,No,Engineer
"5/20/2023 11:56:35 PM +07:00",1,2,2,Yes,No,Yes,Yes,Not sure,Yes,Yes,Make them ordered,Count of ants,Cure for this injury,Morning,No,Ignore them,English,Mathematics,Business Studies,Funny,Paper,Mindset to go to school,Healthy Body,Sleeping,Watching TV,Yes,No,Yes,Yes,No,Yes,No,No,No,No,Yes,Yes,Yes,No,Yes,Yes,Not sure,No,Yes,Not sure,Engineer
"5/20/2023 11:56:35 PM +07:00",2,0,2,Yes,No,Yes,No,Yes,Yes,Yes,Make them ordered,Strength and nature of ants,Cure for this injury,Morning,No,Ignore them,Mathematics,Biology,Physics,Funny,Paper,Dressed up accordingly,Fresh Mind,Relaxing,Playing,Yes,No,Not sure,Not sure,Yes,Not sure,Yes,Yes,No,No,Yes,Yes,No,Not sure,No,No,Yes,No,Yes,No,Engineer
"5/20/2023 11:56:35 PM +07:00",1,2,1,No,No,Yes,Yes,Yes,Yes,No,Ignore them,Discipline of ants,Cure for this injury,Night,Not sure,Make them quite,Mathematics,Physics,Physics,Informative,Color,Mindset to go to school,Healthy Body,Eating,Relaxing,Yes,No,Yes,Not sure,No,No,Yes,No,No,No,No,Yes,No,Not sure,Yes,No,No,Yes,Yes,Not sure,Engineer
"5/20/2023 11:56:35 PM +07:00",1,2,2,Yes,No,Yes,Yes,Yes,Yes,No,Ignore them,Strength and nature of ants,Cure for this injury,Night,No,Ignore them,Sceince,Business Studies,Mathematics,Formal,Paper,Mindset to go to school,Healthy Brain,Eating,Browsing Internet,Yes,Yes,Yes,Yes,Not sure,No,No,Yes,No,Yes,Yes,Yes,Yes,Yes,Not sure,No,Yes,Yes,Yes,Yes,Business Related Profession
"5/20/2023 11:56:35 PM +07:00",2,1,1,Not sure,No,Yes,No,Yes,No,Yes,Make them ordered,Strength and nature of ants,Cure for this injury,Night,Yes,Ignore them,Mathematics,Other,Mathematics,Formal,Paper,Mindset to go to school,Healthy Brain,Relaxing,Watching TV,Yes,Yes,Yes,Yes,Not sure,Yes,No,No,No,No,Yes,No,Yes,No,No,Yes,No,Yes,Yes,No,Business Related Profession
"5/20/2023 11:56:35 PM +07:00",1,2,1,Not sure,Yes,Yes,Yes,Yes,Yes,Yes,Make them ordered,Strength and nature of ants,Cure for this injury,Morning,No,Ignore them,Sceince,Biology,Other,Informative,Paper,Mindset to go to school,Fresh Mind,Sleeping,Browsing Internet,Yes,No,Not sure,Yes,Yes,Yes,Yes,Yes,Yes,Yes,Yes,Yes,Yes,Yes,No,Yes,Yes,No,Yes,Yes,Engineer
"5/20/2023 11:56:35 PM +07:00",1,1,2,Not sure,No,No,Yes,Yes,Yes,No,Just keep them in a pile,Strength and nature of ants,Cure for this injury,Morning,No,Make them quite,Drawing,Biology,Biology,Formal,Paper,Dressed up accordingly,Healthy Body,Relaxing,Relaxing,Yes,Yes,Yes,Not sure,No,Yes,No,Yes,No,No,Yes,No,Yes,Yes,Yes,Yes,No,No,Not sure,Not sure,Doctor
"5/20/2023 11:56:35 PM +07:00",2,2,1,No,No,Yes,Yes,Yes,Not sure,Yes,Make them ordered,Strength and nature of ants,Cure for this injury,Morning,Yes,Ignore them,Mathematics,Programming,Programming,Informative,Paper,Dressed up accordingly,Fresh Mind,Taking bath,Relaxing,Yes,Not sure,Yes,Yes,No,Yes,Yes,Yes,No,No,No,Yes,Yes,Yes,No,Yes,Yes,Not sure,Not sure,Yes,Engineer
"5/20/2023 11:56:35 PM +07:00",1,1,1,Not sure,No,No,Yes,Not sure,Yes,Yes,Just keep them in a pile,Strength and nature of ants,Cure for this injury,Morning,No,Ignore them,Mathematics,Programming,Programming,Informative,Font,Mindset to go to school,Healthy Body,Relaxing,Relaxing,Yes,No,Yes,Yes,Yes,Not sure,No,Yes,No,No,No,No,No,No,No,Yes,No,No,Not sure,Yes,Engineer
"5/20/2023 11:56:35 PM +07:00",1,1,1,No,No,Yes,Not sure,Yes,Yes,Yes,Just keep them in a pile,Strength and nature of ants,How to prevent him from get injured in future,Morning,No,Ignore them,Sceince,Physics,Physics,Informative,Color,Mindset to go to school,Healthy Body,Eating,Relaxing,Not sure,No,Yes,Not sure,Yes,Not sure,Yes,Yes,No,Yes,Yes,No,Yes,No,Yes,Yes,Yes,Not sure,Yes,Yes,Engineer
"5/20/2023 11:56:35 PM +07:00",1,2,1,Not sure,No,Yes,Yes,Yes,Yes,No,Make them ordered,Strength and nature of ants,How to prevent him from get injured in future,Morning,No,Make them quite,Bangla,Physics,Programming,Funny,Paper,Mindset to go to school,Healthy Body,Sleeping,Sleeping,Yes,Yes,Yes,Not sure,Yes,Yes,Yes,Yes,No,No,Yes,Not sure,Yes,No,Yes,Yes,Yes,Not sure,Not sure,Not sure,Engineer
"5/20/2023 11:56:35 PM +07:00",2,0,1,No,Yes,No,No,Yes,Yes,Yes,Make them ordered,Count of ants,How to prevent him from get injured in future,Night,No,Search for a pattern in the noise,Mathematics,Other,Programming,Informative,Paper,Mindset to go to school,Healthy Body,Relaxing,Watching TV,Yes,Yes,Yes,Yes,Yes,Yes,Yes,No,Yes,Yes,No,No,Yes,No,Yes,No,No,Yes,Yes,Yes,Engineer
"5/20/2023 11:56:35 PM +07:00",1,1,2,Not sure,No,No,Yes,Not sure,Yes,No,Just keep them in a pile,Strength and nature of ants,Cure for this injury,Morning,No,Make them quite,Drawing,Biochemistry,Biology,Formal,Paper,Mindset to go to school,Healthy Body,Relaxing,Relaxing,Yes,Yes,Yes,No,No,No,No,Yes,No,No,Yes,No,Yes,Yes,Yes,Yes,No,No,Not sure,Not sure,Doctor
"5/20/2023 11:56:35 PM +07:00",1,1,2,Not sure,No,No,Yes,Not sure,Yes,No,Just keep them in a pile,Strength and nature of ants,Cure for this injury,Morning,No,Make them quite,Drawing,Biology,Biology,Formal,Paper,Dressed up accordingly,Healthy Body,Relaxing,Relaxing,Yes,Yes,Yes,Not sure,No,Yes,No,Yes,No,Yes,Yes,No,Yes,Yes,Yes,Yes,No,No,Not sure,Not sure,Doctor
"5/20/2023 11:56:35 PM +07:00",2,1,2,Yes,No,Yes,Not sure,Yes,Yes,Yes,Ignore them,Strength and nature of ants,What was his mistake,Morning,No,Search for a pattern in the noise,Bangla,Programming,Biology,Funny,Paper,Mindset to go to school,Fresh Mind,Relaxing,Watching TV,Yes,Yes,Yes,Yes,Yes,No,Yes,Yes,Yes,Yes,Yes,Yes,Yes,No,Yes,Yes,Yes,No,Yes,Not sure,Engineer
"5/20/2023 11:56:35 PM +07:00",1,2,1,Yes,Yes,Yes,No,No,Yes,No,Make them ordered,Strength and nature of ants,Cure for this injury,Morning,No,Ignore them,Bangla,Business Studies,Business Studies,Formal,Paper,Mindset to go to school,Fresh Mind,Eating,Playing,Yes,Yes,Not sure,Yes,Not sure,No,Yes,Yes,No,Yes,Yes,No,Yes,Yes,No,No,Yes,Yes,Yes,No,Business Related Profession
"5/20/2023 11:56:35 PM +07:00",1,1,1,No,No,Yes,Yes,No,Yes,No,Make them ordered,Discipline of ants,Cure for this injury,Night,Yes,Make them quite,Mathematics,Other,Chemistry,Informative,Paper,Mindset to go to school,Healthy Body,Sleeping,Relaxing,Yes,Yes,No,Yes,Yes,Yes,Yes,No,No,No,No,Yes,Yes,No,No,No,No,Not sure,No,Not sure,Engineer
"5/20/2023 11:56:35 PM +07:00",1,1,2,Not sure,No,No,Yes,Not sure,Yes,No,Just keep them in a pile,Strength and nature of ants,Cure for this injury,Morning,No,Make them quite,Sceince,Biology,Biology,Formal,Paper,Dressed up accordingly,Healthy Body,Relaxing,Relaxing,Yes,Yes,Yes,Not sure,No,Yes,No,Yes,No,No,Yes,No,Yes,Yes,Yes,Yes,No,No,Not sure,Not sure,Doctor
"5/20/2023 11:56:35 PM +07:00",1,2,1,Yes,Yes,Yes,No,Yes,Not sure,No,Make them ordered,Strength and nature of ants,How to prevent him from get injured in future,Morning,Yes,Ignore them,Sceince,Mathematics,Business Studies,Funny,Paper,Mindset to go to school,Fresh Mind,Eating,Playing,Yes,Yes,Not sure,Yes,Not sure,No,No,Yes,No,No,Yes,Yes,Yes,No,No,No,Yes,Yes,No,No,Business Related Profession
"5/20/2023 11:56:35 PM +07:00",1,1,1,Not sure,No,Yes,Not sure,Yes,Not sure,Yes,Make them ordered,Discipline of ants,Cure for this injury,Morning,No,Ignore them,Mathematics,Chemistry,Other,Formal,Color,Dressed up accordingly,Fresh Mind,Sleeping,Reading,Not sure,Yes,No,No,Yes,Yes,Yes,Yes,No,No,Yes,No,Yes,No,Yes,Yes,Yes,Yes,Yes,Yes,Engineer
"5/20/2023 11:56:35 PM +07:00",1,1,2,Not sure,No,No,Yes,Not sure,Yes,No,Just keep them in a pile,Strength and nature of ants,Cure for this injury,Morning,Not sure,Make them quite,Sceince,Biochemistry,Biology,Formal,Paper,Mindset to go to school,Healthy Body,Relaxing,Relaxing,Yes,Yes,Yes,No,No,No,No,Yes,No,Yes,Yes,No,No,Yes,Yes,Yes,No,No,Not sure,Not sure,Doctor
2020/11/29 12:51:52 AM GMT+7,1,2,2,Yes,No,Yes,Yes,No,Yes,No,Make them ordered,Strength and nature of ants,How to prevent him from get injured in future,Night,No,Ignore them,Bangla,Business Studies,Business Studies,Formal,Paper,Mindset to go to school,Fresh Mind,Eating,Playing,Yes,Yes,Yes,Yes,Not sure,No,No,Yes,No,Yes,Yes,No,Yes,Yes,Not sure,Yes,Yes,Yes,No,No,Business Related Profession
"5/20/2023 11:56:35 PM +07:00",1,2,2,No,No,No,Yes,No,Yes,No,Ignore them,Strength and nature of ants,Cure for this injury,Morning,No,Ignore them,Sceince,Physics,Other,Funny,Paper,Mindset to go to school,Healthy Body,Relaxing,Playing,Yes,No,Yes,Yes,Yes,Yes,No,Yes,No,Yes,Yes,Yes,Yes,No,Yes,No,No,No,Yes,No,Business Related Profession
"5/20/2023 11:56:35 PM +07:00",1,2,2,No,No,Yes,No,Yes,Yes,Yes,Make them ordered,Strength and nature of ants,How to prevent him from get injured in future,Morning,No,Ignore them,Bangla,Chemistry,Mathematics,Informative,Paper,Mindset to go to school,Healthy Brain,Eating,Browsing Internet,Yes,Yes,Yes,Yes,No,No,No,No,No,No,Yes,Yes,Yes,Yes,No,Yes,No,Yes,Not sure,No,Engineer
"5/20/2023 11:56:35 PM +07:00",1,1,0,Yes,No,Not sure,Not sure,Yes,Yes,Yes,Make them ordered,Count of ants,Cure for this injury,Morning,Not sure,Ignore them,Sceince,History,Mathematics,Informative,Paper,Mindset to go to school,Healthy Brain,Relaxing,Relaxing,Yes,Yes,Yes,Yes,Not sure,Yes,Yes,Yes,No,No,Yes,Not sure,Yes,No,No,Yes,No,No,Yes,Not sure,Engineer
"5/20/2023 11:56:35 PM +07:00",1,2,2,Yes,Yes,Yes,No,No,Yes,No,Make them ordered,Count of ants,Cure for this injury,Morning,No,Ignore them,Sceince,Business Studies,Business Studies,Formal,Paper,Mindset to go to school,Healthy Brain,Eating,Browsing Internet,Yes,Yes,Yes,Yes,Not sure,No,Yes,Yes,No,No,Yes,Yes,Yes,Yes,No,Yes,Yes,Yes,No,No,Business Related Profession
"5/20/2023 11:56:35 PM +07:00",1,1,2,No,No,Yes,Not sure,Yes,Yes,Yes,Ignore them,Discipline of ants,Cure for this injury,Morning,Yes,Ignore them,Sceince,Programming,Mathematics,Funny,Paper,Mindset to go to school,Healthy Brain,Eating,Relaxing,Yes,Yes,Yes,Yes,Yes,Yes,Yes,Yes,Yes,Yes,Yes,No,No,No,Yes,Yes,Yes,Not sure,Yes,Not sure,Engineer
"5/20/2023 11:56:35 PM +07:00",1,1,1,Yes,Yes,Yes,Yes,No,No,Yes,Make them ordered,Count of ants,Cure for this injury,Night,Not sure,Ignore them,Drawing,Physics,Programming,Formal,Paper,Mindset to go to school,Healthy Brain,Sleeping,Relaxing,Yes,Yes,Not sure,Yes,Yes,No,Yes,Yes,No,No,Yes,Yes,Yes,Yes,Yes,No,Yes,Yes,No,No,Engineer
"5/20/2023 11:56:35 PM +07:00",1,0,0,Not sure,No,No,Yes,Yes,No,Yes,Make them ordered,Strength and nature of ants,Cure for this injury,Night,Yes,Ignore them,Mathematics,literature,Biology,Informative,Paper,Mindset to go to school,Fresh Mind,Relaxing,Watching TV,Yes,Yes,Yes,Yes,Not sure,No,No,Yes,Yes,Yes,Not sure,No,Yes,No,No,Not sure,Yes,No,Yes,Yes,Engineer
"5/20/2023 11:56:35 PM +07:00",1,1,2,Not sure,No,No,Yes,Not sure,Yes,No,Just keep them in a pile,Strength and nature of ants,Cure for this injury,Morning,Not sure,Make them quite,Drawing,Biochemistry,Biology,Formal,Paper,Mindset to go to school,Healthy Body,Relaxing,Relaxing,Yes,Yes,Yes,No,No,Yes,No,Yes,No,No,Yes,No,No,Yes,Yes,Yes,No,No,Not sure,Not sure,Doctor
"5/20/2023 11:56:35 PM +07:00",0,2,1,No,No,Yes,Yes,Yes,Yes,Yes,Ignore them,Discipline of ants,How to prevent him from get injured in future,Night,No,Ignore them,Mathematics,Programming,Chemistry,Funny,Font,Mindset to go to school,Healthy Body,Sleeping,Playing,Yes,No,Yes,Yes,Yes,No,Not sure,Yes,No,No,Yes,Not sure,Yes,No,Not sure,Not sure,No,No,Yes,Yes,Engineer
"5/20/2023 11:56:35 PM +07:00",1,2,2,Yes,Yes,Yes,No,No,Not sure,No,Ignore them,Strength and nature of ants,Cure for this injury,Night,No,Ignore them,Sceince,Mathematics,Business Studies,Formal,Paper,Mindset to go to school,Healthy Brain,Eating,Browsing Internet,Yes,Yes,Yes,Yes,Not sure,No,No,Yes,No,No,Yes,Yes,Yes,Yes,No,Yes,Yes,Yes,No,No,Business Related Profession
"5/20/2023 11:56:35 PM +07:00",2,1,2,Not sure,No,Yes,No,Yes,Yes,No,Just keep them in a pile,Discipline of ants,Cure for this injury,Night,Not sure,Ignore them,Drawing,Mathematics,Programming,Funny,Paper,Mindset to go to school,Healthy Body,Taking bath,Browsing Internet,Yes,Yes,Yes,No,Not sure,Yes,Yes,Yes,Yes,Yes,Yes,No,Yes,No,No,Not sure,Yes,No,Yes,No,Engineer
"5/20/2023 11:56:35 PM +07:00",1,1,2,Not sure,No,No,Yes,Not sure,Yes,No,Just keep them in a pile,Strength and nature of ants,Cure for this injury,Morning,Not sure,Make them quite,Sceince,Biochemistry,Biology,Formal,Paper,Mindset to go to school,Healthy Body,Relaxing,Relaxing,Yes,Yes,Yes,Not sure,No,No,No,Yes,No,No,Yes,No,Yes,Yes,Yes,Yes,No,No,Not sure,Not sure,Doctor
"5/20/2023 11:56:35 PM +07:00",1,2,2,Not sure,No,No,Yes,No,Yes,Yes,Just keep them in a pile,Count of ants,Cure for this injury,Morning,No,Ignore them,Bangla,Chemistry,Programming,Funny,Paper,Mindset to go to school,Fresh Mind,Sleeping,Browsing Internet,Yes,Yes,Yes,Yes,Yes,Yes,No,Yes,No,No,Not sure,No,Not sure,Yes,Yes,Yes,Yes,Not sure,Yes,No,Doctor
"5/20/2023 11:56:35 PM +07:00",1,2,2,Not sure,No,No,Yes,Yes,Yes,No,Just keep them in a pile,Strength and nature of ants,Cure for this injury,Morning,Not sure,Make them quite,Sceince,Biology,Biology,Formal,Paper,Dressed up accordingly,Healthy Body,Relaxing,Relaxing,Yes,Yes,Yes,No,No,Yes,No,Yes,No,Yes,Yes,No,Yes,Yes,Yes,Yes,No,No,Not sure,Not sure,Doctor
"5/20/2023 11:56:35 PM +07:00",2,0,1,No,No,Yes,Yes,Yes,No,No,Ignore them,Count of ants,Cure for this injury,Morning,No,Ignore them,English,Biology,Physics,Funny,Paper,Dressed up accordingly,Healthy Brain,Eating,Reading,Yes,Not sure,Yes,Yes,Yes,Yes,Yes,Yes,Yes,Yes,Yes,No,Yes,Not sure,No,Yes,Yes,No,Yes,Yes,Engineer
"5/20/2023 11:56:35 PM +07:00",1,1,2,Not sure,No,No,Yes,Not sure,Yes,No,Just keep them in a pile,Strength and nature of ants,Cure for this injury,Morning,No,Make them quite,Sceince,Biology,Biology,Formal,Paper,Dressed up accordingly,Healthy Body,Relaxing,Relaxing,Yes,Yes,Yes,Not sure,No,Yes,No,Yes,No,No,Yes,No,Yes,Yes,Yes,Yes,No,No,Not sure,Not sure,Doctor
"5/20/2023 11:56:35 PM +07:00",0,1,2,Not sure,No,Yes,Yes,Yes,Not sure,Yes,Make them ordered,Count of ants,Cure for this injury,Morning,Yes,Ignore them,Bangla,Chemistry,Programming,Funny,Paper,Mindset to go to school,Healthy Brain,Eating,Playing,Not sure,Yes,Yes,Yes,Yes,Yes,Yes,Yes,Yes,No,Not sure,No,Yes,Yes,No,No,Yes,Yes,Yes,Yes,Business Related Profession
"5/20/2023 11:56:35 PM +07:00",2,2,2,Yes,No,Yes,No,Yes,Yes,Yes,Just keep them in a pile,Discipline of ants,Cure for this injury,Morning,No,Make them quite,Sceince,Business Studies,Business Studies,Informative,Paper,Mindset to go to school,Healthy Body,Eating,Relaxing,Yes,Not sure,Yes,Yes,Yes,No,Yes,Not sure,Yes,No,Yes,Yes,Yes,Yes,Not sure,Yes,Yes,Yes,No,Yes,Engineer
"5/20/2023 11:56:35 PM +07:00",1,2,1,Not sure,Not sure,No,No,No,Yes,No,Ignore them,Count of ants,Cure for this injury,Morning,Not sure,Make them quite,Sceince,Programming,Programming,Funny,Paper,Dressed up accordingly,Healthy Body,Relaxing,Playing,Yes,No,Not sure,Yes,Yes,Yes,Yes,Yes,No,Yes,Yes,Yes,Yes,No,No,No,No,Not sure,No,Yes,Doctor
"5/20/2023 11:56:35 PM +07:00",2,2,2,No,No,No,Yes,Not sure,Yes,No,Make them ordered,Discipline of ants,Cure for this injury,Morning,Yes,Make them quite,Sceince,Physics,Programming,Funny,Paper,Mindset to go to school,Healthy Brain,Eating,Playing,Yes,Yes,Yes,Yes,Yes,Yes,Yes,Yes,Yes,No,Yes,No,Yes,No,Yes,No,Yes,No,Not sure,Yes,Business Related Profession
"5/20/2023 11:56:35 PM +07:00",1,2,2,Yes,Yes,Yes,No,No,Not sure,No,Ignore them,Strength and nature of ants,Cure for this injury,Night,No,Ignore them,Sceince,Mathematics,Business Studies,Formal,Paper,Mindset to go to school,Healthy Brain,Eating,Browsing Internet,Yes,Yes,Yes,Yes,Not sure,No,No,Yes,No,No,Yes,Yes,Yes,Yes,No,Yes,Yes,Yes,No,No,Business Related Profession
"5/20/2023 11:56:35 PM +07:00",1,2,1,Yes,No,Yes,No,Yes,No,Yes,Ignore them,Strength and nature of ants,Cure for this injury,Night,No,Ignore them,Other,Chemistry,Mathematics,Informative,Paper,Mindset to go to school,Fresh Mind,Eating,Browsing Internet,Yes,Yes,No,Yes,Yes,Yes,Yes,Yes,Yes,Yes,No,No,Yes,No,No,No,Yes,No,Yes,Yes,Engineer
"5/20/2023 11:56:35 PM +07:00",1,0,2,No,No,Yes,Yes,Yes,Yes,Yes,Just keep them in a pile,Strength and nature of ants,Cure for this injury,Night,Yes,Make them quite,Sceince,Physics,Other,Funny,Font,Dressed up accordingly,Healthy Body,Relaxing,Relaxing,Yes,Yes,Not sure,Yes,Not sure,Yes,Yes,Yes,Yes,No,No,No,Not sure,No,No,No,No,Yes,Yes,Yes,Engineer
2021/07/02 1:24:14 AM GMT+7,1,1,2,Not sure,No,No,Yes,Yes,Yes,No,Just keep them in a pile,Strength and nature of ants,Cure for this injury,Morning,No,Make them quite,Sceince,Biology,Biology,Formal,Paper,Mindset to go to school,Healthy Body,Relaxing,Relaxing,Yes,Yes,Yes,No,No,No,No,Yes,No,No,Yes,No,Yes,Yes,Yes,Yes,No,No,Not sure,Not sure,Doctor
"5/20/2023 11:56:35 PM +07:00",0,1,0,Not sure,No,Yes,Yes,Yes,No,No,Just keep them in a pile,Discipline of ants,How to prevent him from get injured in future,Night,Yes,Search for a pattern in the noise,Mathematics,Geography,Programming,Funny,Paper,Mindset to go to school,Healthy Brain,Relaxing,Playing,Yes,No,Yes,Yes,No,Yes,Yes,Yes,No,Yes,Not sure,No,Yes,No,Not sure,Yes,No,Yes,No,No,Engineer
"5/20/2023 11:56:35 PM +07:00",1,0,2,No,No,Yes,Yes,Yes,No,Yes,Make them ordered,Strength and nature of ants,Cure for this injury,Morning,No,Make them quite,Sceince,Programming,Physics,Funny,Font,Dressed up accordingly,Healthy Body,Sleeping,Browsing Internet,Yes,No,Yes,No,Yes,Yes,Yes,Yes,No,Yes,Yes,Yes,No,Not sure,Yes,Yes,No,Not sure,No,Yes,Engineer
"5/20/2023 11:56:35 PM +07:00",1,2,1,Not sure,Yes,Yes,Yes,Yes,Yes,Yes,Make them ordered,Strength and nature of ants,Cure for this injury,Morning,No,Ignore them,Sceince,Biology,Other,Informative,Paper,Mindset to go to school,Fresh Mind,Sleeping,Browsing Internet,Yes,No,Not sure,Yes,Yes,Yes,Yes,Yes,Yes,Yes,Yes,Yes,Yes,Yes,No,Yes,Yes,No,Yes,Yes,Engineer
"5/20/2023 11:56:35 PM +07:00",1,1,2,No,Yes,Yes,Yes,Yes,No,No,Ignore them,Discipline of ants,Cure for this injury,Night,No,Ignore them,Other,Mathematics,Biology,Informative,Paper,Mindset to go to school,Healthy Body,Relaxing,Relaxing,Not sure,Yes,No,Yes,Yes,Yes,Yes,No,Yes,No,Yes,Yes,Yes,No,Yes,Yes,Yes,Yes,Yes,No,Engineer
"5/20/2023 11:56:35 PM +07:00",0,1,1,Yes,No,No,Yes,Yes,Yes,Yes,Make them ordered,Count of ants,Cure for this injury,Afternoon,No,Search for a pattern in the noise,Mathematics,Other,Biology,Funny,Font,Mindset to go to school,Healthy Body,Sleeping,Other,Not sure,No,Yes,Yes,Yes,Yes,Yes,No,Yes,Yes,No,Yes,No,Not sure,Yes,Yes,No,Yes,Yes,Yes,Engineer
"5/20/2023 11:56:35 PM +07:00",2,2,1,No,No,Yes,Yes,Yes,Yes,Yes,Ignore them,Discipline of ants,How to prevent him from get injured in future,Night,No,Ignore them,Religious Studies,Biology,Physics,Informative,Paper,Mindset to go to school,Healthy Body,Sleeping,Relaxing,Not sure,Not sure,Not sure,Yes,Yes,Not sure,Yes,Yes,Yes,Yes,Yes,Yes,No,Not sure,No,Yes,Yes,No,Yes,No,Engineer
